District,Chiefdom,Year,Month,Suspected_Cases,Tests_Performed,Confirmed_Cases,Treated_Cases,Presumed_Cases,Admissions,Deaths,OPD_Visits,Population,Suspected_Cases_U5,Tests_Performed_U5,Confirmed_Cases_U5,Treated_Cases_U5,Presumed_Cases_U5,Admissions_U5,Deaths_U5,OPD_Visits_U5,Population_U5,RDT_Stock_Days,ACT_Stock_Days,SP_Stock_Days,RDT_Stockout_Pct,ACT_Stockout_Pct,SP_Stockout_Pct,IPTp_Coverage,IPTi_Coverage,ANC_1st_Visit,ANC_4Plus,Penta3_Coverage,Malaria_Vaccine,LLIN_Distribution,LLIN_Usage,IRS_Coverage,SMC_Coverage
Bo,Bumpe Ngao,2022,January,834,708,444,436,18,53,1,3174,186000,285,266,169,162,9,34,0,1085,32500,22,20,25,29,29,32,67,63,88,56,80,37,72,59,28,61
Bo,Bumpe Ngao,2022,February,1012,939,538,521,55,58,2,3282,186000,320,286,209,204,12,33,1,1242,32500,24,24,23,33,36,35,69,59,87,54,84,45,76,53,26,62
Bo,Bumpe Ngao,2022,March,586,549,347,339,31,39,1,2049,186000,259,244,181,176,5,18,0,616,32500,19,27,22,33,40,34,74,61,82,58,83,33,76,65,40,61
Bo,Bumpe Ngao,2022,April,872,835,516,509,32,60,2,3101,186000,321,309,221,216,7,36,1,1008,32500,22,25,26,32,37,32,66,65,85,54,79,35,73,61,22,63
Bo,Bumpe Ngao,2022,May,2965,2714,1731,1704,163,196,9,10035,186000,984,927,736,711,25,124,6,3365,32500,18,29,26,37,34,35,67,69,83,58,76,33,70,59,24,45
Bo,Bumpe Ngao,2022,June,1477,1318,791,757,66,68,2,5419,186000,566,519,339,335,6,38,1,2248,32500,32,20,24,41,35,35,69,63,84,64,79,46,80,54,38,55
Bo,Bumpe Ngao,2022,July,1898,1707,1044,1008,61,122,4,7401,186000,647,622,402,394,23,58,2,3244,32500,19,23,23,37,33,29,70,58,84,52,77,54,78,64,37,53
Bo,Bumpe Ngao,2022,August,3145,3001,2249,2214,108,206,5,12316,186000,1040,958,663,644,25,131,3,4391,32500,25,21,24,30,40,30,71,69,82,53,78,38,78,61,36,53
Bo,Bumpe Ngao,2022,September,2163,1935,1283,1254,107,143,4,7709,186000,953,862,570,560,16,86,2,2535,32500,30,20,22,34,40,35,69,67,82,57,81,53,76,52,21,46
Bo,Bumpe Ngao,2022,October,2923,2823,1738,1725,149,169,7,11419,186000,1090,1045,740,726,35,109,4,4819,32500,22,20,26,33,29,35,66,70,88,64,81,30,77,56,33,62
Bo,Bumpe Ngao,2022,November,884,828,480,471,41,39,1,3284,186000,390,345,269,260,13,21,0,1097,32500,24,26,25,36,32,32,69,64,86,52,84,35,78,59,15,61
Bo,Bumpe Ngao,2022,December,632,543,399,386,26,40,1,2040,186000,264,251,166,162,6,18,0,907,32500,27,24,23,28,37,29,72,62,86,64,83,34,73,65,36,62
Bo,Kakua,2022,January,987,879,497,479,47,55,2,3861,186000,313,303,233,230,4,33,1,1693,32500,21,22,23,40,40,31,74,69,82,64,81,32,75,63,38,60
Bo,Kakua,2022,February,741,665,482,477,16,56,2,2958,186000,321,308,211,209,6,34,1,993,32500,31,23,25,33,35,32,75,70,84,56,84,42,70,56,40,53
Bo,Kakua,2022,March,885,851,567,548,28,60,1,2983,186000,311,291,183,180,5,31,0,996,32500,25,23,24,32,34,35,68,66,87,57,76,39,78,65,29,44
Bo,Kakua,2022,April,777,730,505,493,33,51,1,3021,186000,278,251,189,182,8,26,0,1257,32500,31,29,25,40,35,33,69,59,82,61,77,48,77,61,28,56
Bo,Kakua,2022,May,2735,2419,1578,1553,141,153,6,10470,186000,961,896,568,565,12,70,3,4406,32500,29,26,22,38,31,33,75,69,85,50,83,44,76,52,38,61
Bo,Kakua,2022,June,2907,2662,1531,1479,91,139,5,9455,186000,1212,1107,765,743,28,83,2,3789,32500,28,20,26,32,37,28,69,69,84,65,80,48,75,55,23,55
Bo,Kakua,2022,July,2010,1772,1076,1068,58,95,2,6493,186000,708,671,449,442,19,46,1,2703,32500,21,26,27,37,36,32,66,70,86,64,78,43,72,60,17,62
Bo,Kakua,2022,August,2804,2615,1671,1657,125,154,6,10969,186000,1133,1016,717,695,29,99,3,4596,32500,25,23,22,30,40,32,65,59,86,62,80,46,75,60,26,55
Bo,Kakua,2022,September,2382,2202,1603,1536,87,158,4,8276,186000,839,766,502,485,19,88,2,2823,32500,29,27,27,29,39,35,65,66,84,58,83,34,80,59,30,45
Bo,Kakua,2022,October,1394,1321,854,851,31,85,2,4634,186000,495,452,340,335,12,45,1,1707,32500,22,26,25,30,37,30,66,70,85,58,77,30,71,64,36,47
Bo,Kakua,2022,November,695,610,387,383,40,37,0,2383,186000,267,247,181,175,4,21,0,967,32500,20,22,26,36,30,35,70,61,83,55,76,39,74,53,15,53
Bo,Kakua,2022,December,661,573,355,350,18,38,1,2365,186000,231,207,143,140,6,21,0,805,32500,31,25,26,37,40,29,68,63,86,51,80,39,77,52,30,56
Bo,Tikonko,2022,January,595,560,370,364,17,41,1,1950,186000,233,208,141,138,6,26,0,767,32500,30,23,25,39,37,35,73,58,83,53,84,49,73,63,19,55
Bo,Tikonko,2022,February,596,564,313,310,29,33,1,2282,186000,178,171,110,105,4,18,0,739,32500,29,24,24,35,31,28,75,59,83,51,84,30,76,58,35,51
Bo,Tikonko,2022,March,1307,1213,908,870,69,85,2,5006,186000,556,501,317,315,6,41,1,1834,32500,22,29,24,40,35,34,66,64,85,61,76,41,80,58,21,49
Bo,Tikonko,2022,April,1210,1103,792,760,42,94,4,4130,186000,441,392,297,285,6,47,2,1297,32500,19,23,22,35,28,32,67,64,84,53,83,33,76,61,39,63
Bo,Tikonko,2022,May,1677,1545,1068,1018,64,124,4,5948,186000,561,528,342,331,5,63,2,2577,32500,25,25,27,29,36,30,74,67,85,55,84,30,77,64,36,49
Bo,Tikonko,2022,June,1886,1824,1333,1277,90,127,5,6753,186000,575,542,364,356,7,57,3,2725,32500,17,21,27,30,40,33,69,67,86,55,79,45,80,63,16,46
Bo,Tikonko,2022,July,2809,2721,1830,1809,99,197,4,9199,186000,888,792,591,571,18,90,2,3962,32500,28,21,25,28,32,31,65,64,86,54,79,55,71,63,39,57
Bo,Tikonko,2022,August,1573,1418,1022,1020,33,90,2,5628,186000,526,474,376,375,9,55,1,2017,32500,19,23,24,28,36,35,71,63,88,53,78,52,80,64,17,59
Bo,Tikonko,2022,September,2966,2602,1701,1623,155,186,5,11580,186000,1155,1090,822,810,43,104,3,3559,32500,26,23,23,32,39,34,75,67,83,58,83,39,71,57,27,58
Bo,Tikonko,2022,October,1970,1918,1234,1219,40,100,4,7426,186000,697,613,444,426,9,54,2,2278,32500,20,20,26,41,36,35,73,68,86,61,84,53,79,61,34,53
Bo,Tikonko,2022,November,852,806,548,535,35,54,2,2895,186000,262,247,173,169,8,26,1,885,32500,29,27,26,29,38,35,71,68,84,58,81,35,72,52,39,52
Bo,Tikonko,2022,December,783,737,480,475,15,51,2,2936,186000,267,235,178,171,8,31,1,957,32500,26,21,25,34,36,31,70,60,83,51,81,43,73,67,39,59
Bo,Valunia,2022,January,1367,1295,747,709,31,86,3,5427,186000,427,384,243,237,10,46,1,2255,32500,29,29,23,35,34,31,69,64,87,50,78,30,78,62,23,53
Bo,Valunia,2022,February,981,870,579,560,32,55,1,3820,186000,418,389,300,289,14,30,0,1367,32500,29,22,25,30,32,35,69,65,88,52,76,37,72,65,18,57
Bo,Valunia,2022,March,823,754,512,509,22,59,1,3124,186000,343,327,215,210,9,36,0,955,32500,24,21,25,29,31,35,75,60,87,60,80,31,75,65,34,62
Bo,Valunia,2022,April,971,850,561,536,31,50,1,3767,186000,370,358,232,223,8,31,0,1587,32500,27,20,23,39,31,30,69,61,83,56,84,33,73,66,16,56
Bo,Valunia,2022,May,2165,1911,1430,1368,112,160,4,8124,186000,657,618,441,439,24,72,2,3318,32500,21,24,23,38,32,35,66,68,84,61,76,44,75,64,22,52
Bo,Valunia,2022,June,1712,1640,1112,1089,85,91,3,6068,186000,769,745,515,496,16,49,2,2196,32500,28,21,23,40,34,35,69,69,86,59,76,47,72,56,18,47
Bo,Valunia,2022,July,2159,2044,1158,1125,80,120,4,7283,186000,922,820,544,533,17,67,2,3002,32500,32,24,24,40,36,30,75,69,86,53,80,35,74,62,19,58
Bo,Valunia,2022,August,3155,2882,1908,1900,72,210,5,11559,186000,1162,1075,851,840,33,132,2,4558,32500,18,29,26,37,28,35,68,68,87,59,80,52,73,52,21,63
Bo,Valunia,2022,September,3192,3113,1956,1897,159,175,5,11761,186000,968,912,576,572,32,83,3,4572,32500,19,25,26,32,28,31,67,57,82,51,81,51,74,60,31,56
Bo,Valunia,2022,October,2357,2221,1271,1228,139,118,4,7839,186000,829,733,522,507,30,74,2,2651,32500,30,21,25,35,35,33,71,69,82,59,76,40,71,64,37,48
Bo,Valunia,2022,November,1218,1108,683,655,33,68,1,4221,186000,500,452,360,356,19,39,0,1594,32500,30,21,23,34,31,35,69,63,82,63,78,41,79,55,26,45
Bo,Valunia,2022,December,629,550,312,296,19,26,0,2163,186000,203,182,133,131,2,16,0,751,32500,21,28,25,38,40,35,67,68,85,53,78,30,73,54,29,53
Kenema,Dama,2022,January,928,892,650,622,38,69,3,3579,177000,359,345,266,261,11,41,1,1412,31000,28,26,26,28,31,31,70,58,84,58,78,47,73,56,26,63
Kenema,Dama,2022,February,1158,1026,728,721,56,65,1,4278,177000,454,429,335,328,13,32,0,1561,31000,18,28,26,34,40,30,69,65,86,53,79,51,71,52,34,57
Kenema,Dama,2022,March,780,674,450,443,45,51,1,2734,177000,333,319,212,207,10,32,0,927,31000,24,23,25,40,34,35,73,57,87,57,79,32,71,64,34,49
Kenema,Dama,2022,April,1106,1065,700,690,30,69,1,3971,177000,351,313,201,195,11,41,0,1431,31000,30,23,22,29,38,30,69,69,82,62,83,33,71,63,36,55
Kenema,Dama,2022,May,1738,1554,1077,1076,99,107,2,6616,177000,597,540,402,389,20,48,1,2551,31000,23,27,24,33,39,35,73,57,86,58,83,35,77,61,27,57
Kenema,Dama,2022,June,1485,1388,776,738,57,67,2,4909,177000,510,490,376,372,11,37,1,2200,31000,31,22,25,34,36,35,73,65,88,63,84,48,76,65,18,62
Kenema,Dama,2022,July,1811,1717,984,968,81,114,2,7182,177000,580,562,396,384,7,63,1,3003,31000,27,24,22,36,40,35,74,69,84,50,80,40,72,63,21,59
Kenema,Dama,2022,August,2903,2779,1531,1523,102,128,6,10975,177000,892,793,604,587,18,61,3,3802,31000,22,20,22,33,32,35,65,60,85,53,81,33,73,57,19,57
Kenema,Dama,2022,September,2135,1984,1412,1389,61,149,7,7260,177000,721,678,459,451,24,80,5,2500,31000,26,28,24,30,33,32,68,59,84,57,76,52,78,59,18,55
Kenema,Dama,2022,October,1831,1576,911,894,63,85,2,7188,177000,765,673,419,403,15,51,1,3177,31000,23,26,27,36,30,30,72,70,87,62,81,53,79,55,17,51
Kenema,Dama,2022,November,560,521,365,358,20,36,1,2018,177000,198,186,145,140,2,21,0,858,31000,24,24,25,32,40,35,72,57,87,59,76,50,72,60,27,63
Kenema,Dama,2022,December,810,699,384,376,47,34,0,3174,177000,249,222,143,142,8,19,0,1028,31000,23,20,26,31,33,35,69,59,88,57,84,31,71,56,23,47
Kenema,Gaura,2022,January,1385,1349,766,765,63,69,2,4569,177000,494,456,361,354,7,31,1,1601,31000,27,25,27,32,29,35,69,62,84,52,82,48,80,64,16,52
Kenema,Gaura,2022,February,567,483,341,324,14,34,1,2210,177000,196,178,113,111,6,16,0,991,31000,19,28,26,40,38,33,70,66,83,51,84,45,78,61,35,62
Kenema,Gaura,2022,March,1013,984,655,632,37,76,2,3396,177000,308,279,219,218,10,39,1,1049,31000,17,22,26,29,40,34,68,60,83,55,81,43,79,61,32,55
Kenema,Gaura,2022,April,1369,1208,850,808,58,69,3,4706,177000,539,484,346,335,8,38,2,1937,31000,27,24,23,39,39,33,72,67,85,61,79,55,79,64,30,48
Kenema,Gaura,2022,May,3089,2886,2034,1980,101,237,6,10499,177000,1255,1190,773,761,42,125,3,3954,31000,19,26,26,28,33,29,65,60,87,65,82,30,75,64,28,62
Kenema,Gaura,2022,June,1858,1591,966,940,44,102,4,6351,177000,677,641,439,430,14,51,2,2340,31000,19,20,23,28,34,28,71,69,87,58,82,38,75,64,32,57
Kenema,Gaura,2022,July,1956,1810,1351,1321,106,119,2,6897,177000,693,637,485,480,22,74,1,2418,31000,30,22,27,39,33,35,72,58,83,51,78,47,75,60,17,53
Kenema,Gaura,2022,August,1637,1504,894,884,82,87,3,5697,177000,629,589,389,382,19,45,1,1906,31000,25,22,25,35,31,35,75,62,85,51,81,48,79,64,19,54
Kenema,Gaura,2022,September,2857,2596,1732,1645,109,183,5,10971,177000,1037,999,666,660,31,117,3,4035,31000,23,22,26,32,34,31,74,62,83,61,81,50,72,56,22,50
Kenema,Gaura,2022,October,3146,2778,2070,2005,135,208,9,11905,177000,1246,1198,795,774,35,103,5,4205,31000,30,24,25,35,32,32,70,57,85,62,77,37,71,59,29,60
Kenema,Gaura,2022,November,1062,947,708,681,39,57,1,3671,177000,402,381,276,269,14,35,0,1436,31000,19,27,25,31,36,30,65,57,82,50,79,45,79,58,22,60
Kenema,Gaura,2022,December,621,556,412,405,25,42,1,2411,177000,275,259,202,201,6,22,0,756,31000,22,25,26,29,39,35,68,64,82,65,82,35,78,52,33,63
Kenema,Kandu Leppiama,2022,January,1389,1295,903,877,78,106,4,4885,177000,468,448,310,301,16,60,2,1898,31000,20,27,24,33,40,28,73,65,82,58,83,49,78,61,21,62
Kenema,Kandu Leppiama,2022,February,1263,1081,804,802,53,65,2,4146,177000,431,412,309,304,9,37,1,1260,31000,25,27,25,29,31,35,75,64,84,53,79,44,80,53,31,47
Kenema,Kandu Leppiama,2022,March,1174,1065,753,746,48,89,2,4043,177000,389,364,235,226,9,52,1,1478,31000,29,22,26,33,40,35,74,66,87,54,84,44,70,55,39,63
Kenema,Kandu Leppiama,2022,April,1102,1052,741,721,64,75,3,4116,177000,442,427,278,269,14,45,1,1482,31000,28,20,22,32,40,33,69,63,86,58,83,41,78,60,27,46
Kenema,Kandu Leppiama,2022,May,2182,2097,1215,1178,76,133,4,7257,177000,946,865,657,654,33,71,2,2548,31000,26,25,26,28,35,32,73,69,87,53,81,48,80,62,25,59
Kenema,Kandu Leppiama,2022,June,1969,1872,1069,1022,112,92,4,7172,177000,820,777,511,502,11,41,2,3029,31000,22,24,22,41,34,30,75,63,82,53,77,46,76,52,37,46
Kenema,Kandu Leppiama,2022,July,1498,1387,887,880,33,100,2,5295,177000,556,531,407,396,19,63,1,2082,31000,22,25,24,38,40,33,69,65,83,65,77,35,80,58,23,43
Kenema,Kandu Leppiama,2022,August,1532,1386,893,876,87,73,2,5499,177000,655,578,363,352,21,34,1,1864,31000,30,24,23,38,29,29,73,68,87,60,76,43,70,61,33,63
Kenema,Kandu Leppiama,2022,September,1479,1431,840,822,42,69,3,4746,177000,532,485,320,314,7,36,2,1485,31000,18,23,25,35,32,35,69,70,84,53,81,49,75,52,21,60
Kenema,Kandu Leppiama,2022,October,2329,2054,1365,1343,47,152,3,7932,177000,891,829,551,550,30,80,1,3245,31000,23,27,25,33,28,35,67,57,87,65,80,41,75,62,39,57
Kenema,Kandu Leppiama,2022,November,1015,875,492,480,42,43,1,3648,177000,423,405,274,269,13,20,0,1588,31000,27,25,23,28,32,35,70,60,83,59,78,49,74,55,38,50
Kenema,Kandu Leppiama,2022,December,1115,961,644,640,35,74,3,3585,177000,347,336,256,249,8,43,1,1429,31000,17,25,25,32,36,33,72,70,82,61,80,43,80,54,32,53
Kenema,Nomo,2022,January,613,543,385,366,13,37,1,2023,177000,190,174,115,114,7,21,0,757,31000,25,29,25,31,35,35,73,62,87,55,78,39,72,59,27,54
Kenema,Nomo,2022,February,751,644,452,451,39,42,1,2584,177000,243,230,166,162,7,21,0,921,31000,23,28,27,39,36,35,74,70,82,57,79,47,75,53,17,62
Kenema,Nomo,2022,March,1160,1096,769,747,54,87,4,4153,177000,433,412,264,258,6,50,2,1436,31000,17,24,26,34,29,33,69,62,86,56,77,49,78,65,25,57
Kenema,Nomo,2022,April,1336,1219,800,797,75,65,1,4335,177000,404,371,240,238,7,30,0,1635,31000,26,23,27,28,32,35,75,60,84,60,84,32,80,56,24,47
Kenema,Nomo,2022,May,3156,2727,1670,1586,160,183,6,10142,177000,994,881,603,600,10,106,4,3919,31000,20,23,27,38,31,35,71,61,87,59,81,33,78,54,15,50
Kenema,Nomo,2022,June,2664,2460,1765,1722,65,171,4,10395,177000,910,845,620,610,34,79,2,3627,31000,24,27,23,40,40,35,69,57,87,52,78,40,72,58,34,49
Kenema,Nomo,2022,July,2003,1707,1091,1049,41,91,4,7973,177000,636,572,361,353,8,56,2,3061,31000,28,22,23,35,38,35,67,70,83,62,83,52,79,56,40,61
Kenema,Nomo,2022,August,1538,1405,916,878,76,97,3,6136,177000,655,600,382,375,7,61,2,1978,31000,21,26,22,32,40,35,73,62,85,52,76,41,72,53,20,61
Kenema,Nomo,2022,September,2371,2139,1273,1218,120,117,3,8308,177000,945,902,691,669,26,57,2,2948,31000,30,27,24,41,29,35,74,61,87,57,83,50,73,66,33,47
Kenema,Nomo,2022,October,2149,1958,1438,1400,73,132,6,7840,177000,801,743,465,450,22,64,4,3091,31000,21,23,24,39,34,33,73,70,83,57,84,32,78,65,18,53
Kenema,Nomo,2022,November,1305,1209,680,649,73,78,2,4929,177000,580,517,323,318,22,35,1,1628,31000,19,27,25,36,33,33,75,58,83,55,80,51,76,65,34,56
Kenema,Nomo,2022,December,1299,1202,771,741,61,76,1,4950,177000,572,506,377,365,8,41,0,1646,31000,19,27,24,33,36,35,72,57,86,53,82,47,79,59,21,49
Kono,Gbane,2022,January,650,596,355,341,20,30,1,2212,146000,275,255,181,179,4,13,0,914,25500,18,28,24,34,35,35,65,65,82,55,84,34,78,57,36,63
Kono,Gbane,2022,February,684,607,423,415,15,34,1,2391,146000,212,201,141,140,6,17,0,833,25500,25,24,25,40,40,30,75,68,88,62,84,41,74,53,28,60
Kono,Gbane,2022,March,1183,1116,794,760,61,80,1,4328,146000,359,335,261,259,10,42,0,1455,25500,32,25,24,31,40,35,70,57,84,65,76,44,77,60,20,44
Kono,Gbane,2022,April,1320,1249,908,900,30,94,2,4961,146000,428,397,266,261,13,56,1,2090,25500,30,25,23,37,31,35,66,65,83,65,77,41,77,53,31,50
Kono,Gbane,2022,May,3155,2985,1815,1812,179,166,7,12232,146000,1081,1030,682,670,32,87,4,4617,25500,24,27,23,33,40,33,74,67,83,63,76,42,73,57,31,54
Kono,Gbane,2022,June,3188,2714,1525,1477,80,132,5,10277,146000,1065,1029,656,639,33,80,3,3955,25500,19,23,27,40,37,35,75,65,85,61,84,34,71,61,24,60
Kono,Gbane,2022,July,2816,2414,1641,1628,152,156,4,11060,146000,1057,986,762,748,40,88,2,3724,25500,27,27,24,29,39,35,75,69,84,60,79,34,76,52,27,60
Kono,Gbane,2022,August,2169,2105,1367,1360,102,146,3,7880,146000,819,768,488,483,10,89,1,2520,25500,30,22,26,30,34,35,71,69,82,62,84,47,73,61,26,63
Kono,Gbane,2022,September,2298,2000,1102,1088,110,104,4,7607,146000,831,784,497,494,14,57,2,2494,25500,18,23,24,31,34,35,67,68,83,54,82,55,80,61,26,53
Kono,Gbane,2022,October,1459,1244,880,856,50,86,4,5309,146000,470,444,282,281,9,43,2,1716,25500,27,29,23,29,30,35,73,68,86,64,77,49,75,62,20,60
Kono,Gbane,2022,November,901,842,550,544,50,44,1,3334,146000,279,266,164,158,8,26,0,1468,25500,19,26,23,37,29,35,69,68,88,51,82,34,75,65,15,51
Kono,Gbane,2022,December,963,839,615,610,32,61,2,3781,146000,381,369,269,266,14,38,1,1432,25500,24,24,26,38,28,35,75,65,87,53,78,45,77,54,18,49
Kono,Gbense,2022,January,778,685,479,475,40,46,2,3016,146000,297,263,195,191,4,23,1,1341,25500,21,29,23,29,37,35,65,62,82,61,83,49,73,66,21,51
Kono,Gbense,2022,February,1019,997,650,632,37,68,2,3292,146000,416,391,309,301,8,32,1,990,25500,25,26,26,31,37,35,66,65,87,58,84,32,71,62,16,56
Kono,Gbense,2022,March,601,583,409,393,24,42,1,2223,146000,253,224,143,141,7,21,0,820,25500,26,25,27,32,35,31,73,61,88,63,76,34,75,52,39,49
Kono,Gbense,2022,April,991,930,523,521,52,55,1,3495,146000,331,313,228,220,7,26,0,1368,25500,27,24,27,30,32,35,74,57,85,50,76,39,74,63,28,63
Kono,Gbense,2022,May,2696,2423,1556,1516,142,127,5,8831,146000,997,917,676,653,14,69,3,3664,25500,30,24,25,37,30,35,71,59,82,61,84,46,72,65,30,52
Kono,Gbense,2022,June,1742,1576,1005,970,82,116,4,6358,146000,587,554,405,398,14,61,2,2720,25500,32,22,24,28,39,30,66,62,86,54,83,41,72,61,28,46
Kono,Gbense,2022,July,1728,1649,936,933,40,111,2,6519,146000,700,678,480,470,17,50,1,2741,25500,31,29,27,32,32,31,68,58,82,58,80,35,76,66,33,61
Kono,Gbense,2022,August,2086,1906,1360,1297,74,140,3,7944,146000,899,801,569,566,29,65,2,3344,25500,24,24,23,41,35,35,68,62,85,55,78,34,78,67,38,56
Kono,Gbense,2022,September,1385,1222,717,696,77,84,4,4514,146000,502,478,324,321,11,40,2,1937,25500,22,25,23,29,32,33,70,58,88,60,76,42,80,57,36,62
Kono,Gbense,2022,October,2522,2274,1520,1466,78,173,6,9515,146000,1047,970,755,731,38,79,4,3627,25500,21,26,26,33,30,30,65,60,87,53,77,35,71,53,30,43
Kono,Gbense,2022,November,848,783,434,425,25,38,1,3085,146000,299,287,203,197,6,21,0,1259,25500,23,26,23,36,29,30,71,57,83,60,76,46,75,63,38,53
Kono,Gbense,2022,December,741,713,451,440,39,52,2,2848,146000,226,201,138,137,7,25,1,1212,25500,23,25,22,41,40,35,75,57,85,62,76,37,72,52,23,61
Kono,Lei,2022,January,786,765,488,470,39,55,1,2809,146000,344,315,238,231,6,31,0,1236,25500,24,28,22,29,29,35,73,57,88,56,80,54,72,52,17,54
Kono,Lei,2022,February,1388,1208,742,735,63,75,2,5073,146000,593,524,372,364,11,33,1,2084,25500,26,26,22,34,30,32,72,69,83,57,79,30,74,52,39,54
Kono,Lei,2022,March,1380,1250,754,718,32,70,2,4568,146000,554,488,378,377,16,33,1,1659,25500,32,22,23,30,36,35,68,65,87,59,82,53,73,56,29,52
Kono,Lei,2022,April,929,834,552,528,22,50,2,3195,146000,380,340,269,268,6,32,1,1047,25500,24,29,24,34,38,29,70,61,84,54,80,48,75,52,36,43
Kono,Lei,2022,May,1995,1935,1263,1248,74,115,4,7764,146000,686,644,454,439,26,66,2,2741,25500,29,24,23,37,39,35,66,63,83,55,81,42,80,67,15,62
Kono,Lei,2022,June,1776,1570,1120,1080,94,134,3,6663,146000,724,679,481,464,26,73,1,2367,25500,28,20,26,33,40,31,70,65,84,60,81,50,77,61,20,63
Kono,Lei,2022,July,1651,1525,1079,1031,65,101,2,5873,146000,597,572,446,440,18,55,1,2190,25500,19,23,25,35,39,35,71,67,82,56,82,43,73,57,36,52
Kono,Lei,2022,August,1444,1304,766,761,70,72,3,4855,146000,556,534,377,368,16,42,2,1720,25500,30,24,27,30,40,35,65,70,88,62,78,41,70,55,32,60
Kono,Lei,2022,September,2095,2022,1215,1177,76,99,4,7053,146000,897,848,544,530,12,55,2,2981,25500,20,25,23,35,34,33,67,64,87,65,84,53,80,61,18,59
Kono,Lei,2022,October,2275,2165,1470,1442,83,136,2,7494,146000,852,752,487,479,30,83,1,2526,25500,26,25,23,40,36,35,70,61,88,51,78,52,75,62,26,44
Kono,Lei,2022,November,1258,1224,860,823,56,98,3,4403,146000,485,470,342,340,13,51,1,1891,25500,28,20,25,41,35,34,74,58,86,52,80,43,77,59,40,62
Kono,Lei,2022,December,656,594,345,343,38,37,1,2148,146000,260,246,177,171,8,18,0,776,25500,23,29,25,35,32,29,74,62,86,53,77,49,80,62,30,56
Kono,Nimikoro,2022,January,616,601,405,392,26,44,1,2032,146000,224,208,165,159,2,21,0,791,25500,21,21,24,33,30,35,68,62,87,60,82,42,71,54,27,44
Kono,Nimikoro,2022,February,791,673,435,430,30,50,2,2645,146000,343,315,238,236,11,29,1,1082,25500,30,23,27,41,39,35,72,57,83,50,82,47,80,53,16,46
Kono,Nimikoro,2022,March,1173,1048,761,729,36,65,2,3826,146000,524,487,371,366,16,36,1,1249,25500,28,22,24,38,40,35,69,59,84,56,84,49,80,58,36,56
Kono,Nimikoro,2022,April,971,838,597,573,44,56,1,3144,146000,333,309,245,240,9,33,0,1182,25500,19,25,26,28,38,28,68,67,86,52,84,51,70,58,37,44
Kono,Nimikoro,2022,May,1314,1206,731,719,36,62,1,4474,146000,401,361,244,236,11,27,0,1847,25500,24,26,22,34,30,35,71,63,82,64,81,55,73,59,35,63
Kono,Nimikoro,2022,June,1773,1666,959,913,46,112,3,6790,146000,600,539,410,402,7,65,1,2657,25500,23,22,22,32,34,32,71,57,83,61,81,43,72,52,40,54
Kono,Nimikoro,2022,July,1671,1462,821,804,54,84,3,6034,146000,546,525,366,361,16,49,2,2386,25500,17,21,25,29,34,35,66,63,82,56,81,39,80,55,16,54
Kono,Nimikoro,2022,August,2078,2022,1458,1437,107,152,6,7257,146000,834,734,495,480,13,90,4,2359,25500,22,28,25,31,30,32,69,63,85,59,79,40,71,56,32,50
Kono,Nimikoro,2022,September,1531,1393,898,870,71,90,4,5844,146000,659,624,437,422,15,54,2,2182,25500,31,23,25,37,28,33,69,70,86,52,76,31,71,64,32,44
Kono,Nimikoro,2022,October,1547,1337,808,785,53,89,3,6091,146000,580,517,327,322,15,51,1,2532,25500,25,25,26,34,34,35,73,58,88,51,79,54,71,57,22,56
Kono,Nimikoro,2022,November,852,779,446,429,49,44,2,3400,146000,372,328,249,243,4,22,1,1383,25500,22,26,22,28,29,33,68,61,84,57,80,47,72,54,33,43
Kono,Nimikoro,2022,December,724,658,461,450,23,40,1,2834,146000,244,227,175,172,7,19,0,932,25500,27,25,24,35,33,29,73,60,87,51,82,44,80,54,21,52
Western Area,Urban,2022,January,681,649,362,357,20,42,1,2404,1580000,264,249,170,163,5,21,0,950,276500,19,28,25,35,30,32,65,59,86,52,81,40,71,66,20,47
Western Area,Urban,2022,February,1280,1106,826,808,49,92,4,4695,1580000,536,492,346,335,16,56,2,1627,276500,21,27,23,29,40,35,72,70,84,50,84,41,70,63,34,47
Western Area,Urban,2022,March,728,681,377,366,20,41,1,2705,1580000,304,274,171,169,9,26,0,993,276500,30,23,25,41,39,35,69,60,87,56,77,45,75,66,21,52
Western Area,Urban,2022,April,993,915,556,550,29,58,2,3908,1580000,349,314,242,237,8,29,1,1520,276500,21,26,24,33,40,30,74,69,86,51,76,36,75,59,30,50
Western Area,Urban,2022,May,2593,2523,1479,1438,99,151,6,9240,1580000,804,738,497,495,23,71,4,3975,276500,27,20,25,31,40,34,71,65,83,51,83,32,71,58,36,60
Western Area,Urban,2022,June,2233,1949,1158,1144,86,101,2,8089,1580000,674,629,457,452,26,61,1,3012,276500,22,20,24,34,36,31,73,64,82,55,76,45,74,63,22,44
Western Area,Urban,2022,July,1888,1607,1024,1021,88,89,4,6683,1580000,667,646,491,478,19,46,2,2105,276500,26,21,27,28,31,35,68,58,86,60,83,46,72,63,24,59
Western Area,Urban,2022,August,3091,2749,1606,1603,126,136,3,11971,1580000,985,946,612,598,33,72,2,5120,276500,27,27,24,31,39,34,67,69,84,63,76,45,74,63,23,52
Western Area,Urban,2022,September,1586,1495,1001,953,77,105,3,5245,1580000,577,557,390,388,9,53,2,1814,276500,20,27,25,38,34,28,73,64,85,61,77,35,76,62,39,54
Western Area,Urban,2022,October,2292,2223,1624,1598,122,142,4,7594,1580000,797,749,589,587,20,77,2,3099,276500,22,27,23,32,30,35,65,70,87,52,84,30,70,55,31,52
Western Area,Urban,2022,November,735,651,385,372,17,30,1,2494,1580000,255,237,185,180,6,17,0,871,276500,17,27,25,28,30,29,70,59,87,59,84,39,70,66,27,51
Western Area,Urban,2022,December,1101,1015,565,564,37,59,2,3629,1580000,336,325,211,206,7,31,1,1489,276500,24,24,26,37,35,28,73,69,86,55,83,34,79,59,36,61
Western Area,Rural,2022,January,734,666,487,476,36,58,2,2836,1580000,323,302,231,222,3,31,1,1062,276500,19,22,27,39,33,35,74,60,82,62,82,45,72,58,29,60
Western Area,Rural,2022,February,729,667,453,441,20,54,1,2437,1580000,281,258,190,189,8,34,0,794,276500,27,28,27,34,33,29,70,59,84,56,81,49,70,53,23,44
Western Area,Rural,2022,March,1261,1199,730,727,60,58,2,4775,1580000,448,429,276,273,5,26,1,1564,276500,22,25,26,39,33,35,71,69,84,50,77,51,77,63,34,62
Western Area,Rural,2022,April,1200,1041,697,664,59,60,2,4526,1580000,377,338,256,249,5,34,1,1903,276500,20,22,24,34,34,28,65,58,85,53,81,54,70,65,23,51
Western Area,Rural,2022,May,2515,2376,1707,1647,119,151,3,9537,1580000,1108,981,672,652,13,94,2,3575,276500,20,28,22,35,28,32,75,70,88,51,78,31,72,66,23,50
Western Area,Rural,2022,June,2603,2465,1490,1475,142,172,6,9898,1580000,918,822,622,604,25,105,3,3553,276500,29,26,24,28,34,30,74,67,88,58,80,33,76,59,32,53
Western Area,Rural,2022,July,2992,2800,1994,1943,66,168,4,10056,1580000,1269,1172,894,873,37,80,2,4005,276500,20,22,25,38,28,29,74,67,86,60,76,51,76,65,15,48
Western Area,Rural,2022,August,2669,2321,1668,1638,140,152,6,9228,1580000,1112,1057,844,821,24,91,3,3075,276500,22,20,25,30,28,34,65,65,84,59,79,37,79,65,22,55
Western Area,Rural,2022,September,3151,3030,1749,1727,63,157,5,12052,1580000,1107,1046,811,806,27,93,3,5293,276500,20,27,26,31,39,32,72,66,83,51,80,38,71,53,33,50
Western Area,Rural,2022,October,2710,2544,1431,1398,133,118,3,10735,1580000,1166,1081,822,792,29,62,2,4099,276500,26,27,22,28,39,28,69,61,87,65,76,30,79,52,26,57
Western Area,Rural,2022,November,1088,1059,737,723,38,72,3,4082,1580000,329,296,228,225,9,44,2,1474,276500,30,25,22,38,38,35,69,70,84,55,83,36,71,58,27,61
Western Area,Rural,2022,December,808,761,509,501,43,41,1,3027,1580000,319,302,197,193,9,25,0,1181,276500,18,27,25,30,29,35,66,57,83,51,78,52,75,52,27,60
Port Loko,Buya Romende,2022,January,571,511,295,284,23,26,0,1909,145000,195,178,113,109,7,12,0,851,25400,23,21,25,31,35,35,75,64,88,62,79,46,71,58,26,44
Port Loko,Buya Romende,2022,February,1258,1211,793,773,62,78,2,4479,145000,413,376,246,243,14,44,1,1689,25400,32,24,26,28,30,28,75,69,86,61,76,46,74,52,32,63
Port Loko,Buya Romende,2022,March,952,870,626,609,27,65,2,3314,145000,348,311,232,230,12,31,1,1121,25400,30,29,23,31,38,35,73,68,84,65,79,54,72,63,39,46
Port Loko,Buya Romende,2022,April,993,896,622,605,47,66,2,3731,145000,369,329,225,216,12,36,1,1150,25400,28,20,24,28,34,28,70,67,82,59,77,31,76,64,33,61
Port Loko,Buya Romende,2022,May,2012,1737,1279,1276,66,109,2,7634,145000,786,759,474,472,19,51,1,3054,25400,20,28,25,29,35,28,65,62,87,54,77,42,74,52,37,57
Port Loko,Buya Romende,2022,June,3128,2934,1631,1606,95,157,7,11378,145000,1370,1229,804,782,33,86,4,3851,25400,25,20,23,34,40,35,69,61,84,62,83,53,73,62,19,50
Port Loko,Buya Romende,2022,July,1694,1472,974,965,37,114,3,5693,145000,655,604,380,374,23,56,2,2148,25400,32,21,27,32,39,35,75,58,88,60,77,55,70,58,21,49
Port Loko,Buya Romende,2022,August,2333,2262,1341,1278,78,157,6,7820,145000,914,824,641,630,29,91,3,2542,25400,23,26,23,28,37,35,67,60,86,58,80,55,73,67,33,53
Port Loko,Buya Romende,2022,September,1514,1449,861,819,80,84,3,6005,145000,560,526,348,337,18,48,1,2099,25400,28,26,25,31,32,35,75,68,82,61,77,31,76,53,34,47
Port Loko,Buya Romende,2022,October,3019,2818,1717,1659,160,144,5,10652,145000,1132,1029,785,770,42,66,2,4103,25400,27,22,25,37,35,33,65,58,85,50,77,35,77,58,30,48
Port Loko,Buya Romende,2022,November,1083,920,662,640,27,64,2,3952,145000,440,419,264,254,14,29,1,1403,25400,25,22,25,28,34,35,73,70,87,61,82,41,72,61,39,44
Port Loko,Buya Romende,2022,December,833,761,484,473,44,40,1,3324,145000,291,262,189,184,6,19,0,1466,25400,21,28,27,36,30,29,72,61,86,57,84,39,72,54,37,43
Port Loko,Kaffu Bullom,2022,January,1398,1227,744,720,35,64,2,4499,145000,533,478,363,356,5,31,1,1481,25400,27,22,22,36,37,35,70,57,88,63,82,48,75,59,21,60
Port Loko,Kaffu Bullom,2022,February,1147,1064,761,740,48,62,2,4002,145000,366,340,217,209,12,39,1,1453,25400,28,27,25,33,33,35,66,70,87,51,83,54,79,66,35,62
Port Loko,Kaffu Bullom,2022,March,694,650,370,356,16,34,0,2705,145000,310,278,207,204,9,20,0,875,25400,22,21,26,38,37,35,73,66,88,54,79,37,72,52,30,55
Port Loko,Kaffu Bullom,2022,April,701,617,391,382,26,46,1,2410,145000,307,281,179,172,9,28,0,756,25400,22,21,23,28,29,35,69,61,83,61,83,44,79,53,27,48
Port Loko,Kaffu Bullom,2022,May,2042,1965,1183,1171,44,109,3,6545,145000,712,645,470,465,14,62,1,2914,25400,30,26,24,35,32,33,70,65,88,51,76,44,77,56,22,57
Port Loko,Kaffu Bullom,2022,June,3192,2758,2055,1986,93,237,10,11072,145000,1071,986,639,636,31,133,6,4080,25400,24,22,25,39,30,35,74,66,82,65,83,35,77,59,23,54
Port Loko,Kaffu Bullom,2022,July,2500,2422,1481,1458,122,147,3,9047,145000,1005,961,639,614,16,75,1,3645,25400,24,28,25,41,39,30,71,66,86,64,78,39,72,54,33,45
Port Loko,Kaffu Bullom,2022,August,1611,1576,1018,1012,93,101,3,6292,145000,631,607,427,420,10,54,1,2581,25400,24,26,26,40,33,30,68,67,85,57,78,55,76,66,29,48
Port Loko,Kaffu Bullom,2022,September,2143,1833,1190,1149,126,136,5,6897,145000,656,602,396,383,16,61,2,2575,25400,29,27,25,32,37,31,65,62,87,61,79,31,80,67,19,57
Port Loko,Kaffu Bullom,2022,October,2955,2580,1515,1470,77,126,6,10095,145000,1298,1152,804,791,34,62,3,3097,25400,25,22,24,37,28,30,69,58,84,50,83,55,71,56,36,50
Port Loko,Kaffu Bullom,2022,November,897,873,500,492,28,42,1,3274,145000,389,351,220,215,7,27,0,1185,25400,24,20,27,35,40,32,75,57,87,50,79,47,73,53,36,51
Port Loko,Kaffu Bullom,2022,December,767,732,426,424,30,43,1,2732,145000,278,251,186,183,10,23,0,876,25400,30,26,25,38,33,35,67,66,86,60,83,48,75,67,20,63
Port Loko,Lokomasama,2022,January,1196,1059,645,630,52,57,1,4287,145000,520,479,309,302,18,31,0,1429,25400,30,26,23,39,35,35,74,62,85,60,80,39,75,60,39,53
Port Loko,Lokomasama,2022,February,1279,1243,882,863,30,83,2,4566,145000,526,502,399,398,10,46,1,1446,25400,29,25,22,37,29,28,66,66,83,52,77,49,73,60,33,53
Port Loko,Lokomasama,2022,March,602,552,347,334,25,28,1,2141,145000,265,250,178,174,2,14,0,914,25400,20,22,26,38,30,28,68,61,86,50,81,49,75,64,24,57
Port Loko,Lokomasama,2022,April,761,729,461,444,31,49,1,2622,145000,249,223,147,146,4,27,0,1090,25400,26,26,23,40,34,30,71,63,85,58,78,54,76,61,20,47
Port Loko,Lokomasama,2022,May,2558,2271,1573,1527,146,176,5,10220,145000,1065,955,763,736,36,101,3,4266,25400,22,22,26,40,40,35,70,63,82,59,78,51,76,65,21,55
Port Loko,Lokomasama,2022,June,3127,2707,1904,1856,74,157,5,11642,145000,999,927,601,598,37,74,2,3904,25400,21,24,23,28,30,35,68,68,87,64,80,46,72,64,40,52
Port Loko,Lokomasama,2022,July,1713,1543,964,960,36,100,4,5608,145000,732,664,514,512,12,50,2,1719,25400,28,26,24,41,28,35,74,58,84,62,82,49,72,59,18,59
Port Loko,Lokomasama,2022,August,1375,1244,851,841,31,70,1,5284,145000,532,494,386,382,18,44,0,2023,25400,17,21,25,34,29,33,66,70,84,64,77,48,73,53,35,52
Port Loko,Lokomasama,2022,September,1627,1536,1134,1128,65,100,4,5438,145000,624,583,369,364,16,47,2,1792,25400,31,24,26,37,34,35,71,70,84,61,76,39,80,61,34,59
Port Loko,Lokomasama,2022,October,2239,1908,1357,1332,108,151,3,8279,145000,772,733,484,471,26,68,1,3627,25400,25,20,26,34,36,29,69,70,82,55,76,42,73,65,31,48
Port Loko,Lokomasama,2022,November,588,567,401,390,31,34,0,2096,145000,258,228,168,167,8,16,0,742,25400,27,28,22,32,40,35,74,65,87,54,79,50,75,67,21,60
Port Loko,Lokomasama,2022,December,708,641,382,375,25,38,1,2427,145000,289,255,195,189,11,20,0,938,25400,18,23,27,40,31,32,74,57,88,57,82,47,79,60,28,51
Bo,Bumpe Ngao,2023,January,1232,1095,785,778,36,66,2,4740,186000,505,455,282,272,16,33,1,2084,32500,23,20,18,28,22,23,72,66,93,66,86,45,85,63,40,57
Bo,Bumpe Ngao,2023,February,1416,1318,973,960,72,88,3,5628,186000,465,416,311,305,5,40,1,2413,32500,22,17,20,24,26,29,80,75,94,59,85,39,78,73,25,55
Bo,Bumpe Ngao,2023,March,663,581,350,339,16,39,1,2406,186000,283,253,178,173,3,20,0,1032,32500,22,19,19,27,32,26,76,75,94,70,82,59,80,63,40,62
Bo,Bumpe Ngao,2023,April,730,680,478,454,43,40,1,2702,186000,252,227,169,168,7,24,0,1140,32500,24,16,20,22,29,25,74,75,89,66,84,38,86,59,31,65
Bo,Bumpe Ngao,2023,May,2540,2338,1508,1449,100,171,6,8722,186000,817,756,475,461,13,100,3,3792,32500,16,23,18,28,27,23,79,63,92,61,89,53,83,66,28,51
Bo,Bumpe Ngao,2023,June,1419,1218,898,877,64,82,3,5055,186000,587,563,445,444,11,40,1,2222,32500,19,18,20,30,28,30,78,74,92,66,84,54,85,67,40,67
Bo,Bumpe Ngao,2023,July,3147,2731,1875,1793,84,196,4,12083,186000,1069,987,636,616,31,111,2,3794,32500,16,23,20,25,29,25,78,68,90,67,87,43,81,71,40,69
Bo,Bumpe Ngao,2023,August,2128,1930,1123,1121,69,117,2,8274,186000,804,764,582,578,20,64,1,3374,32500,16,17,20,30,22,30,75,76,88,66,82,46,79,62,30,62
Bo,Bumpe Ngao,2023,September,1702,1525,1096,1064,59,94,2,6204,186000,722,648,509,505,10,58,1,2049,32500,24,18,19,22,24,25,74,70,94,56,87,40,81,59,37,50
Bo,Bumpe Ngao,2023,October,1835,1705,977,930,78,89,4,6649,186000,656,614,436,421,12,48,2,2574,32500,24,17,18,29,23,23,76,66,93,70,84,49,77,69,28,54
Bo,Bumpe Ngao,2023,November,1238,1192,828,798,73,95,2,4125,186000,527,501,356,352,17,45,1,1483,32500,17,18,20,30,30,29,76,75,89,57,87,56,84,60,25,52
Bo,Bumpe Ngao,2023,December,987,960,577,550,58,66,1,3897,186000,353,329,216,213,10,32,0,1202,32500,20,20,18,23,29,21,80,76,94,66,82,44,78,68,31,50
Bo,Kakua,2023,January,1474,1272,921,891,85,82,3,5628,186000,626,558,388,377,20,41,2,1832,32500,23,19,19,22,25,30,80,74,90,60,89,56,80,67,23,67
Bo,Kakua,2023,February,1304,1146,763,740,56,68,2,4670,186000,505,453,336,326,18,33,1,1850,32500,21,20,21,31,22,30,73,73,93,65,88,60,76,71,37,69
Bo,Kakua,2023,March,1457,1396,983,981,43,114,3,5315,186000,448,411,304,302,9,62,1,2150,32500,14,21,19,21,24,25,75,69,90,64,83,49,86,59,25,49
Bo,Kakua,2023,April,1122,1081,625,603,46,61,2,3614,186000,447,407,321,317,13,27,1,1560,32500,23,22,18,30,29,31,77,74,90,67,82,52,77,68,26,63
Bo,Kakua,2023,May,1966,1718,1261,1211,39,132,4,7337,186000,689,636,485,476,15,68,2,2694,32500,23,19,19,27,26,29,77,68,90,69,85,53,85,68,40,58
Bo,Kakua,2023,June,1465,1391,1020,998,78,85,1,5195,186000,463,435,277,270,16,41,0,1720,32500,20,22,20,30,29,27,78,70,90,69,87,58,81,61,28,54
Bo,Kakua,2023,July,1841,1713,1013,993,52,93,2,6316,186000,787,747,518,512,26,52,1,2486,32500,21,22,20,30,30,23,80,66,94,61,88,43,83,66,40,57
Bo,Kakua,2023,August,1526,1382,1002,970,88,112,3,5675,186000,657,589,381,380,15,69,2,2183,32500,18,21,18,28,25,30,75,70,94,64,83,38,77,58,36,58
Bo,Kakua,2023,September,2807,2599,1743,1674,64,167,5,9445,186000,1073,953,737,710,16,101,2,3412,32500,21,16,19,29,27,23,78,68,94,58,86,58,76,59,38,59
Bo,Kakua,2023,October,3450,3257,1866,1805,153,163,5,12820,186000,1343,1186,817,807,41,88,2,5362,32500,20,20,18,23,26,24,80,70,94,59,88,42,78,62,40,51
Bo,Kakua,2023,November,757,726,499,493,30,41,1,2616,186000,329,293,215,214,9,23,0,972,32500,19,22,20,30,26,21,75,75,94,67,85,49,77,71,28,61
Bo,Kakua,2023,December,1097,1027,721,712,38,80,2,3731,186000,412,368,292,281,15,42,1,1405,32500,18,18,21,28,23,28,72,71,88,70,90,57,77,67,39,64
Bo,Tikonko,2023,January,1372,1215,821,786,57,66,1,4836,186000,587,526,416,404,14,35,0,2130,32500,16,22,20,24,25,28,74,69,93,62,86,42,84,61,36,68
Bo,Tikonko,2023,February,741,706,399,398,37,38,1,2417,186000,284,254,196,191,4,22,0,1018,32500,20,21,20,23,23,28,80,74,88,57,83,60,78,73,24,64
Bo,Tikonko,2023,March,984,897,666,638,20,64,3,3545,186000,368,326,252,244,10,30,1,1208,32500,23,23,20,22,24,23,71,64,94,64,82,45,79,69,40,66
Bo,Tikonko,2023,April,1061,1021,606,576,40,71,2,4213,186000,439,411,300,291,5,40,1,1629,32500,24,21,21,24,25,27,72,75,88,63,83,40,81,64,29,55
Bo,Tikonko,2023,May,3085,2899,1648,1608,176,138,4,10296,186000,1253,1192,900,865,43,85,2,4088,32500,20,16,21,29,31,22,72,71,88,68,88,38,86,59,40,68
Bo,Tikonko,2023,June,2053,1933,1196,1164,88,130,3,6898,186000,712,630,443,433,15,71,1,2130,32500,19,16,21,29,24,29,77,68,94,58,87,37,82,69,23,55
Bo,Tikonko,2023,July,2012,1826,1301,1274,62,133,4,7787,186000,781,744,554,536,22,67,2,3166,32500,18,22,21,26,26,21,79,67,91,61,88,37,81,64,23,64
Bo,Tikonko,2023,August,2289,1984,1481,1422,72,163,7,8012,186000,1023,980,683,662,16,75,4,3600,32500,14,21,18,30,31,22,74,71,90,67,89,57,79,71,40,50
Bo,Tikonko,2023,September,2979,2832,1706,1662,65,189,7,9716,186000,1280,1217,773,760,14,96,4,3388,32500,21,21,18,21,28,27,80,69,91,70,82,41,86,66,38,51
Bo,Tikonko,2023,October,3380,2908,1640,1611,94,162,3,13382,186000,1199,1149,758,727,45,79,1,4999,32500,15,16,18,31,28,29,80,68,90,56,83,40,79,59,30,65
Bo,Tikonko,2023,November,845,725,459,442,43,45,1,3125,186000,340,305,199,198,7,27,0,1069,32500,24,19,19,30,24,26,76,69,93,67,88,38,81,71,22,63
Bo,Tikonko,2023,December,1129,1040,763,729,30,90,3,3947,186000,426,399,281,278,9,44,2,1203,32500,24,17,18,22,22,25,79,75,89,68,85,44,80,62,24,59
Bo,Valunia,2023,January,890,803,552,535,41,52,2,3492,186000,399,373,296,295,13,27,1,1506,32500,17,18,19,23,30,22,79,70,88,69,87,51,76,72,40,62
Bo,Valunia,2023,February,1448,1346,887,873,35,79,2,5258,186000,624,595,401,400,16,39,1,2307,32500,15,20,18,26,30,27,75,63,90,56,89,59,80,60,40,60
Bo,Valunia,2023,March,1264,1100,796,787,68,86,3,4129,186000,388,367,240,239,12,39,1,1817,32500,18,22,20,25,29,31,80,70,94,70,85,60,78,69,39,60
Bo,Valunia,2023,April,1258,1094,818,800,43,66,2,4342,186000,457,440,318,316,17,39,1,1606,32500,23,16,19,22,24,25,73,63,88,66,90,46,77,61,24,62
Bo,Valunia,2023,May,2631,2433,1417,1386,156,136,3,9542,186000,1063,988,710,699,31,67,1,3318,32500,24,17,20,26,30,26,78,68,94,66,85,46,78,60,21,66
Bo,Valunia,2023,June,2540,2268,1423,1399,118,162,4,9171,186000,1045,926,586,585,12,90,2,2958,32500,24,17,19,28,28,23,73,64,93,58,86,36,82,67,33,60
Bo,Valunia,2023,July,2560,2290,1636,1634,137,162,6,8361,186000,1038,951,750,740,37,102,4,3003,32500,17,20,18,21,27,27,78,65,91,57,82,58,84,61,28,65
Bo,Valunia,2023,August,3223,3111,2059,2006,112,216,6,11688,186000,1080,1010,648,643,34,134,3,4089,32500,25,17,21,22,23,26,74,69,93,62,89,55,84,73,22,56
Bo,Valunia,2023,September,2172,2018,1463,1405,129,117,2,7629,186000,676,647,460,453,25,75,1,3303,32500,25,18,20,29,28,29,80,64,91,68,87,57,81,68,37,60
Bo,Valunia,2023,October,2780,2604,1837,1808,100,217,7,10213,186000,1170,1084,749,728,27,109,4,3266,32500,19,19,20,30,29,24,73,68,91,65,86,52,81,69,38,66
Bo,Valunia,2023,November,1370,1239,849,839,56,100,2,4579,186000,572,516,383,369,5,55,1,1639,32500,19,20,21,28,24,31,80,70,91,58,84,36,80,73,24,62
Bo,Valunia,2023,December,1476,1285,803,793,46,86,3,5457,186000,593,525,326,321,8,53,2,1905,32500,23,16,18,32,30,28,71,70,89,66,83,60,79,59,29,55
Kenema,Dama,2023,January,769,753,425,412,32,48,1,2763,177000,328,290,187,186,11,30,0,955,31000,22,16,18,24,25,23,73,69,90,56,83,46,79,64,21,55
Kenema,Dama,2023,February,986,905,639,631,56,69,3,3351,177000,420,373,274,266,11,38,1,1274,31000,20,21,20,27,31,29,80,63,89,63,82,51,85,70,35,65
Kenema,Dama,2023,March,1227,1193,667,656,32,54,1,4759,177000,461,411,289,287,6,26,0,1767,31000,14,18,21,28,29,24,73,69,93,68,85,42,82,69,31,60
Kenema,Dama,2023,April,678,622,422,410,22,40,0,2280,177000,279,255,167,162,10,23,0,806,31000,15,21,20,29,23,23,80,76,91,60,82,47,77,66,22,67
Kenema,Dama,2023,May,3261,2951,1882,1841,182,156,4,11553,177000,1312,1197,855,853,34,86,2,4777,31000,23,16,18,27,24,27,72,65,92,56,85,59,85,65,40,59
Kenema,Dama,2023,June,2825,2763,1545,1473,158,182,6,10818,177000,983,931,600,585,39,93,4,4840,31000,17,21,18,23,23,26,76,66,88,64,86,48,81,73,30,53
Kenema,Dama,2023,July,3112,2985,1932,1842,81,186,8,12444,177000,1353,1308,1018,987,24,86,4,5369,31000,19,18,19,22,31,27,71,73,90,71,87,40,82,58,38,68
Kenema,Dama,2023,August,1889,1825,1017,970,106,84,3,7211,177000,626,568,390,380,18,47,1,2405,31000,21,20,18,28,23,29,72,72,90,63,88,38,81,69,29,63
Kenema,Dama,2023,September,1644,1549,894,862,47,78,3,6388,177000,675,640,469,465,9,35,1,2144,31000,16,21,18,31,24,30,76,65,91,67,86,38,77,63,28,61
Kenema,Dama,2023,October,2025,1722,1068,1024,74,122,4,7583,177000,614,559,346,342,11,71,2,3087,31000,24,21,19,32,23,30,80,69,88,60,83,49,79,71,40,68
Kenema,Dama,2023,November,805,701,444,435,30,38,0,2656,177000,321,283,187,183,6,20,0,1034,31000,25,18,18,23,28,28,73,69,92,60,88,51,82,67,35,60
Kenema,Dama,2023,December,1127,1099,606,597,34,48,2,3926,177000,414,376,282,280,9,30,1,1741,31000,16,17,20,30,25,31,75,71,90,66,89,52,79,71,40,52
Kenema,Gaura,2023,January,986,861,538,529,55,61,2,3521,177000,431,394,297,287,9,34,1,1129,31000,17,23,20,28,31,25,72,66,90,62,90,46,77,65,32,56
Kenema,Gaura,2023,February,1256,1159,644,629,34,57,1,4870,177000,466,415,328,323,12,33,0,1871,31000,25,16,19,25,28,24,79,67,90,57,84,54,86,63,28,51
Kenema,Gaura,2023,March,704,666,442,427,17,43,1,2683,177000,316,304,190,182,3,19,0,1152,31000,14,19,19,23,32,24,78,68,90,68,90,37,79,70,36,49
Kenema,Gaura,2023,April,1323,1224,691,668,60,55,1,4521,177000,423,374,274,273,9,27,0,1985,31000,19,18,20,31,31,30,71,63,88,65,82,38,86,66,40,60
Kenema,Gaura,2023,May,2714,2374,1671,1648,111,150,4,9889,177000,1105,980,639,626,14,68,2,3423,31000,23,20,19,24,28,28,76,75,93,57,85,54,83,60,28,64
Kenema,Gaura,2023,June,2591,2424,1542,1511,84,131,2,9764,177000,787,707,556,534,13,64,1,3458,31000,17,20,21,28,25,22,73,72,93,64,88,46,81,71,27,68
Kenema,Gaura,2023,July,1936,1654,1197,1148,56,127,5,7644,177000,767,676,515,496,27,71,3,2759,31000,15,19,18,31,27,22,74,73,93,60,85,51,77,71,40,54
Kenema,Gaura,2023,August,1707,1487,929,883,77,79,3,5626,177000,762,709,535,520,10,47,1,2423,31000,22,20,19,29,25,28,80,64,91,56,84,37,77,68,21,60
Kenema,Gaura,2023,September,2023,1872,1165,1164,64,108,2,7659,177000,609,539,390,379,9,69,1,2594,31000,20,19,21,25,28,22,72,75,90,67,89,56,86,64,33,53
Kenema,Gaura,2023,October,1490,1405,1028,995,32,114,4,5255,177000,599,547,340,339,19,56,2,2328,31000,23,22,18,28,31,29,81,76,91,67,90,41,84,68,40,65
Kenema,Gaura,2023,November,1107,1032,756,732,52,72,2,3943,177000,448,399,318,315,10,43,1,1220,31000,19,19,20,25,32,31,78,74,94,60,88,56,78,58,27,68
Kenema,Gaura,2023,December,681,596,346,343,31,38,1,2377,177000,254,239,173,171,7,23,0,822,31000,24,18,18,30,23,26,81,71,93,58,89,42,83,67,30,60
Kenema,Kandu Leppiama,2023,January,1294,1190,670,662,69,61,1,4316,177000,485,439,285,273,19,36,0,1500,31000,15,20,20,21,30,22,72,75,90,58,84,50,79,60,39,66
Kenema,Kandu Leppiama,2023,February,916,834,463,462,52,47,2,3229,177000,290,268,187,182,9,23,1,1122,31000,21,21,19,26,21,22,80,71,93,66,88,38,76,71,33,56
Kenema,Kandu Leppiama,2023,March,670,581,408,395,33,40,1,2570,177000,298,265,168,161,6,22,0,1150,31000,16,21,18,23,29,23,77,63,88,60,82,38,77,69,22,57
Kenema,Kandu Leppiama,2023,April,1224,1139,749,731,28,79,3,4638,177000,388,349,251,247,14,40,1,1479,31000,16,20,18,27,26,29,71,65,92,57,88,51,82,60,40,65
Kenema,Kandu Leppiama,2023,May,2967,2623,1488,1486,148,134,5,10046,177000,1037,941,600,595,23,68,3,4510,31000,14,23,20,27,27,28,74,76,93,64,90,51,82,72,40,62
Kenema,Kandu Leppiama,2023,June,2371,2255,1286,1237,79,149,7,8614,177000,1021,963,734,726,21,93,4,3130,31000,22,21,20,31,23,25,71,64,92,68,84,50,83,72,40,60
Kenema,Kandu Leppiama,2023,July,1411,1346,928,901,71,82,1,4891,177000,571,507,387,386,8,37,0,2063,31000,23,17,20,29,24,26,73,65,92,71,86,56,82,59,38,64
Kenema,Kandu Leppiama,2023,August,2395,2283,1579,1551,95,179,4,8060,177000,1061,974,673,657,14,96,2,3553,31000,16,16,21,22,24,26,72,75,90,60,86,47,83,69,40,63
Kenema,Kandu Leppiama,2023,September,2091,1810,1164,1154,99,133,5,7064,177000,771,739,557,545,19,61,3,3004,31000,25,23,18,31,27,24,75,72,90,63,85,49,85,62,33,69
Kenema,Kandu Leppiama,2023,October,2299,2238,1324,1319,63,133,3,7893,177000,748,683,465,449,25,73,2,2834,31000,21,19,19,29,27,27,77,67,88,58,86,60,81,64,23,67
Kenema,Kandu Leppiama,2023,November,669,617,404,395,32,40,1,2499,177000,289,261,169,162,8,21,0,881,31000,22,21,19,31,26,29,74,74,93,64,89,58,78,64,29,56
Kenema,Kandu Leppiama,2023,December,1165,1124,718,695,47,81,2,3951,177000,410,375,283,277,14,40,1,1642,31000,19,17,18,25,25,22,72,71,90,69,83,53,86,58,40,61
Kenema,Nomo,2023,January,1409,1373,941,909,61,85,2,5573,177000,619,568,355,350,20,38,1,2300,31000,19,23,20,22,22,24,79,75,88,60,83,52,76,59,35,51
Kenema,Nomo,2023,February,1325,1150,845,809,49,83,2,4501,177000,535,486,305,302,15,37,1,1518,31000,21,21,20,30,24,25,77,67,88,56,90,48,86,70,33,66
Kenema,Nomo,2023,March,618,556,401,390,12,47,2,2154,177000,195,177,122,121,4,21,1,686,31000,25,18,20,25,26,21,77,72,92,71,90,44,83,64,39,62
Kenema,Nomo,2023,April,1152,1007,661,641,31,54,1,4124,177000,348,329,230,229,8,25,0,1398,31000,23,23,19,22,22,31,80,76,94,66,87,43,84,70,27,54
Kenema,Nomo,2023,May,2370,2209,1634,1560,139,161,3,8762,177000,851,815,555,552,23,95,1,3910,31000,14,17,21,31,22,24,78,65,94,67,89,52,85,64,40,56
Kenema,Nomo,2023,June,2390,2072,1205,1173,60,123,4,9318,177000,1014,922,681,669,29,72,2,3117,31000,19,22,20,29,21,22,81,73,89,63,85,54,84,59,40,65
Kenema,Nomo,2023,July,2467,2299,1555,1480,93,162,7,9721,177000,756,732,497,489,12,73,4,3368,31000,16,18,19,29,22,30,74,66,93,65,88,43,81,59,28,57
Kenema,Nomo,2023,August,3149,2784,2087,2005,87,185,5,11958,177000,1281,1158,867,845,20,84,2,4731,31000,22,21,20,23,26,22,79,71,94,68,88,43,83,62,21,50
Kenema,Nomo,2023,September,2436,2097,1353,1305,114,149,7,8215,177000,801,729,471,468,18,87,4,3548,31000,22,21,19,25,27,23,80,71,93,62,84,57,82,61,40,61
Kenema,Nomo,2023,October,1564,1476,960,955,85,90,1,5028,177000,497,467,319,311,11,57,0,1521,31000,21,19,19,22,28,27,72,70,94,65,84,45,83,67,38,57
Kenema,Nomo,2023,November,961,905,633,617,47,52,1,3705,177000,345,318,197,194,8,32,0,1645,31000,23,19,21,24,27,29,78,64,93,60,89,54,85,61,40,58
Kenema,Nomo,2023,December,1393,1266,931,906,65,85,3,5488,177000,559,512,388,378,8,53,2,1983,31000,20,21,18,27,28,26,81,63,94,59,90,47,83,70,26,69
Kono,Gbane,2023,January,875,822,495,470,50,48,1,3439,146000,276,252,185,183,5,23,0,1179,25500,15,16,18,21,28,28,79,76,91,57,88,56,86,70,23,58
Kono,Gbane,2023,February,1222,1144,655,651,63,54,1,4152,146000,413,372,290,282,12,29,0,1506,25500,18,17,20,23,30,28,79,74,89,68,83,60,86,72,25,52
Kono,Gbane,2023,March,651,601,338,323,21,37,1,2291,146000,243,215,160,155,3,18,0,729,25500,24,20,20,25,27,24,78,71,90,62,85,41,78,61,40,61
Kono,Gbane,2023,April,608,558,330,327,14,36,1,2054,146000,212,198,135,130,3,19,0,871,25500,18,16,19,25,23,31,81,65,89,59,82,50,79,73,30,69
Kono,Gbane,2023,May,1447,1341,775,765,57,70,3,5338,146000,538,506,340,333,10,42,2,1711,25500,17,18,20,28,31,28,75,67,92,58,83,38,83,58,28,57
Kono,Gbane,2023,June,1476,1375,812,806,70,65,2,4789,146000,575,531,393,383,10,32,1,1787,25500,24,20,20,22,26,25,77,74,92,59,88,47,84,66,26,49
Kono,Gbane,2023,July,3423,3301,2028,1991,199,238,10,12419,146000,1450,1299,1027,1002,33,149,7,4435,25500,16,22,18,24,23,26,71,63,91,66,87,50,77,70,26,64
Kono,Gbane,2023,August,1817,1640,942,914,41,80,2,6994,146000,733,650,433,419,28,41,1,2732,25500,18,17,18,27,22,22,80,68,92,70,85,58,83,69,26,62
Kono,Gbane,2023,September,2432,2230,1246,1190,133,106,3,8246,146000,860,760,600,588,34,66,1,2515,25500,15,22,19,30,31,24,78,70,90,59,90,57,82,63,30,68
Kono,Gbane,2023,October,2066,1942,1146,1117,80,96,2,6905,146000,777,712,441,429,27,43,1,2263,25500,21,16,18,28,22,29,76,64,92,66,90,38,85,63,36,52
Kono,Gbane,2023,November,1269,1118,638,634,50,65,2,4563,146000,522,503,364,363,18,34,1,2015,25500,15,23,21,29,29,26,75,72,90,59,83,46,79,70,31,63
Kono,Gbane,2023,December,748,659,386,371,33,30,0,2458,146000,239,212,158,156,6,16,0,802,25500,17,19,20,28,32,23,80,66,94,63,85,43,86,63,37,66
Kono,Gbense,2023,January,1173,1047,678,651,56,56,2,4307,146000,490,451,305,300,9,27,1,1359,25500,22,17,19,28,25,29,77,63,90,58,87,60,78,63,28,55
Kono,Gbense,2023,February,1356,1320,956,913,43,107,4,4971,146000,543,492,337,331,5,55,2,1621,25500,14,17,19,31,26,31,73,73,89,64,82,57,85,62,30,54
Kono,Gbense,2023,March,1418,1225,909,888,55,73,2,5181,146000,438,403,295,289,16,42,1,1752,25500,18,23,20,27,21,32,79,64,91,70,84,37,85,68,31,52
Kono,Gbense,2023,April,636,610,421,402,21,36,1,2430,146000,256,225,139,135,3,19,0,898,25500,15,19,21,27,24,31,74,75,91,68,82,37,78,58,40,52
Kono,Gbense,2023,May,1676,1568,1014,978,56,114,2,5512,146000,633,605,428,420,17,53,1,1821,25500,21,16,20,28,30,23,74,65,93,58,89,36,82,68,33,65
Kono,Gbense,2023,June,3005,2769,2004,1952,128,175,3,11164,146000,1280,1217,838,805,28,79,1,3840,25500,23,23,20,26,32,32,77,73,90,60,86,48,85,67,28,67
Kono,Gbense,2023,July,2069,1873,1301,1275,107,104,4,6769,146000,730,677,423,422,21,47,2,2447,25500,23,18,19,23,27,30,71,66,94,57,87,52,77,64,28,54
Kono,Gbense,2023,August,3415,3228,2348,2244,121,249,9,12381,146000,1084,986,693,692,11,126,5,5093,25500,19,19,18,23,25,27,79,74,92,70,88,60,78,58,21,51
Kono,Gbense,2023,September,2636,2345,1334,1291,71,111,3,10491,146000,1175,1076,850,823,27,56,2,4286,25500,18,23,20,28,25,23,75,68,90,64,89,40,77,60,39,66
Kono,Gbense,2023,October,1863,1622,1202,1183,61,102,2,7367,146000,580,528,362,347,18,59,1,2342,25500,17,18,19,27,32,28,76,66,92,65,90,40,82,62,40,57
Kono,Gbense,2023,November,994,862,605,587,52,64,1,3700,146000,411,384,258,250,7,35,0,1121,25500,16,21,18,24,25,27,81,71,92,60,90,49,79,72,40,52
Kono,Gbense,2023,December,1087,940,524,500,54,46,1,3902,146000,365,334,258,254,4,26,0,1451,25500,23,18,20,31,23,27,71,64,91,58,85,48,85,72,37,56
Kono,Lei,2023,January,836,816,602,599,48,59,1,3146,146000,350,339,232,226,6,32,0,1047,25500,18,21,21,24,23,24,79,73,89,57,82,40,77,61,37,67
Kono,Lei,2023,February,1319,1281,878,855,70,74,3,4873,146000,443,415,290,287,13,37,2,1578,25500,19,21,19,27,31,28,79,67,90,61,89,47,77,73,40,56
Kono,Lei,2023,March,1436,1301,861,846,76,87,2,5515,146000,578,554,373,358,22,48,1,2007,25500,20,21,21,27,25,30,71,65,90,64,82,37,84,66,23,52
Kono,Lei,2023,April,862,792,567,540,49,66,2,3201,146000,309,297,187,184,3,42,1,1180,25500,24,17,21,27,22,27,73,69,90,64,85,38,80,70,37,56
Kono,Lei,2023,May,1900,1726,1208,1176,40,120,3,6957,146000,612,563,410,394,17,72,1,2572,25500,14,17,20,27,23,24,76,71,88,66,84,52,85,61,22,66
Kono,Lei,2023,June,2403,2133,1280,1221,70,116,5,9528,146000,738,664,440,436,12,57,2,3638,25500,25,16,19,25,24,24,71,75,90,71,87,45,76,70,22,52
Kono,Lei,2023,July,2110,1839,1045,1002,98,113,3,7851,146000,729,701,470,460,27,61,1,3181,25500,24,19,21,25,22,22,78,66,93,63,82,40,86,63,28,59
Kono,Lei,2023,August,3243,2872,1843,1822,79,182,4,11864,146000,1454,1300,932,898,20,94,2,4557,25500,14,18,18,24,21,31,75,68,92,70,86,43,81,72,36,63
Kono,Lei,2023,September,1413,1272,711,676,33,63,2,5512,146000,424,406,317,311,10,29,1,1890,25500,15,18,19,25,25,27,79,69,89,70,90,59,79,61,40,62
Kono,Lei,2023,October,2253,1998,1134,1122,121,97,3,7216,146000,690,665,491,481,7,56,1,2726,25500,20,17,19,25,30,25,72,75,94,63,90,45,80,73,32,67
Kono,Lei,2023,November,921,860,642,630,49,65,1,3491,146000,311,276,176,169,5,30,0,1431,25500,24,18,21,25,30,26,81,66,92,58,82,60,77,73,25,49
Kono,Lei,2023,December,1408,1230,921,919,55,109,2,5057,146000,568,515,399,385,8,62,1,2139,25500,21,16,18,32,29,30,79,66,90,69,83,60,82,70,38,64
Kono,Nimikoro,2023,January,1329,1163,682,667,36,57,1,4577,146000,415,391,269,264,8,28,0,1434,25500,14,19,21,23,21,26,76,65,89,70,82,56,85,63,40,60
Kono,Nimikoro,2023,February,984,844,609,582,39,54,2,3161,146000,442,409,304,297,14,32,1,1002,25500,20,22,20,27,26,21,81,69,92,59,87,38,82,67,27,61
Kono,Nimikoro,2023,March,1132,1014,747,724,31,61,1,3882,146000,502,464,366,357,17,37,0,1217,25500,25,20,18,31,22,27,81,65,88,63,84,46,80,64,40,68
Kono,Nimikoro,2023,April,1322,1212,797,773,41,93,3,5004,146000,426,394,265,262,4,51,2,1662,25500,18,23,21,26,31,25,78,76,91,63,86,54,79,65,26,50
Kono,Nimikoro,2023,May,2836,2528,1555,1539,74,156,4,10099,146000,1170,1130,802,799,30,87,2,3675,25500,20,16,19,31,27,31,77,74,93,63,89,56,82,69,27,67
Kono,Nimikoro,2023,June,2714,2332,1667,1605,86,142,3,10736,146000,851,824,631,623,14,82,1,4137,25500,18,16,18,27,22,22,77,72,88,56,86,49,83,61,40,66
Kono,Nimikoro,2023,July,2980,2719,2018,1961,97,214,10,9733,146000,1180,1073,829,811,31,116,5,2983,25500,19,21,21,29,29,31,81,73,88,63,85,40,81,63,40,56
Kono,Nimikoro,2023,August,1638,1533,1114,1084,81,89,3,5603,146000,620,556,406,396,17,43,1,2249,25500,17,19,19,26,22,30,80,63,88,60,82,47,79,70,30,49
Kono,Nimikoro,2023,September,2011,1799,1193,1152,112,134,3,7650,146000,690,649,512,503,16,84,2,2559,25500,20,23,19,24,23,26,81,65,92,60,82,36,77,62,38,65
Kono,Nimikoro,2023,October,3303,2924,1859,1838,178,162,3,11164,146000,1089,977,656,641,20,95,2,3588,25500,22,20,20,29,31,28,73,64,92,65,89,50,82,73,40,56
Kono,Nimikoro,2023,November,1250,1164,653,624,35,61,2,4900,146000,535,498,320,311,15,35,1,1880,25500,22,21,19,25,26,26,73,68,88,59,82,36,86,65,25,60
Kono,Nimikoro,2023,December,1012,911,596,567,43,54,1,3242,146000,364,347,218,216,5,27,0,1246,25500,15,17,20,28,24,29,75,67,92,58,88,53,77,73,34,69
Western Area,Urban,2023,January,1379,1326,783,749,65,91,4,4574,1580000,484,467,296,288,10,41,2,1627,276500,23,16,19,32,25,25,77,67,92,67,83,58,80,61,32,52
Western Area,Urban,2023,February,1064,985,554,545,40,53,2,3485,1580000,414,383,270,262,12,27,1,1172,276500,25,21,18,32,30,27,72,65,93,70,85,46,81,58,25,64
Western Area,Urban,2023,March,999,863,558,556,29,47,1,3866,1580000,327,296,231,226,3,23,0,1631,276500,19,20,19,29,23,23,80,66,94,61,90,41,77,59,37,57
Western Area,Urban,2023,April,1056,990,622,598,33,59,2,3760,1580000,346,312,235,231,8,35,1,1217,276500,24,23,21,28,25,29,72,66,88,64,85,59,84,61,32,65
Western Area,Urban,2023,May,2049,1766,1137,1136,68,123,5,7044,1580000,788,720,561,551,23,68,3,2438,276500,19,20,19,29,24,30,80,72,93,71,85,54,78,61,32,57
Western Area,Urban,2023,June,2453,2357,1741,1714,89,178,6,9075,1580000,1012,903,626,620,33,114,4,2791,276500,23,16,19,27,31,23,75,74,90,63,88,58,82,62,32,59
Western Area,Urban,2023,July,3265,3126,2206,2195,134,206,9,11784,1580000,1176,1101,855,835,14,97,5,5061,276500,16,22,21,28,30,27,73,65,94,60,89,44,82,59,40,63
Western Area,Urban,2023,August,1472,1432,1008,994,33,118,5,5060,1580000,459,419,332,322,11,65,3,1566,276500,18,18,18,23,25,30,79,73,90,61,84,56,76,61,40,66
Western Area,Urban,2023,September,3107,2896,2138,2088,80,252,11,10182,1580000,1224,1084,757,735,27,144,7,4568,276500,21,16,21,24,27,28,71,70,93,61,82,36,86,72,31,54
Western Area,Urban,2023,October,2858,2798,1886,1805,148,202,8,9710,1580000,1273,1227,886,862,25,128,4,3052,276500,20,21,21,28,29,29,75,65,94,70,89,39,84,61,40,67
Western Area,Urban,2023,November,664,644,391,382,22,41,1,2627,1580000,292,273,205,200,7,18,0,1028,276500,23,22,20,27,29,31,71,63,93,58,85,46,84,64,25,57
Western Area,Urban,2023,December,1356,1163,758,733,57,68,2,5357,1580000,531,503,354,347,7,35,1,2356,276500,20,23,19,30,29,21,80,68,94,64,87,57,82,58,31,55
Western Area,Rural,2023,January,1353,1274,864,830,48,73,2,4505,1580000,545,507,400,387,21,35,1,1959,276500,23,21,19,26,23,28,73,63,92,56,90,38,81,58,26,61
Western Area,Rural,2023,February,1151,1009,631,605,44,62,1,3749,1580000,493,472,307,297,9,36,0,1631,276500,14,18,21,32,24,22,76,67,94,56,90,53,77,59,36,49
Western Area,Rural,2023,March,1376,1174,808,801,49,80,3,4756,1580000,567,546,388,387,6,36,2,1782,276500,23,18,21,29,26,32,71,75,94,65,85,45,80,59,28,69
Western Area,Rural,2023,April,1243,1155,687,676,45,56,2,4913,1580000,377,359,222,214,10,25,1,2138,276500,17,16,18,24,25,31,75,66,94,63,86,56,78,70,40,56
Western Area,Rural,2023,May,3027,2752,1600,1555,75,130,4,11305,1580000,1042,931,712,706,33,64,2,3652,276500,24,23,19,30,26,28,77,70,88,56,85,56,79,64,29,49
Western Area,Rural,2023,June,1719,1614,1007,957,66,91,4,5793,1580000,637,585,391,377,14,47,2,1983,276500,25,20,20,22,22,26,78,63,88,57,86,60,81,73,28,62
Western Area,Rural,2023,July,1856,1696,1216,1162,71,99,4,6685,1580000,761,732,559,556,18,63,2,2434,276500,14,19,20,24,24,26,79,76,89,71,82,39,79,72,40,55
Western Area,Rural,2023,August,2312,2246,1575,1568,54,154,6,8272,1580000,822,786,565,562,29,83,3,3337,276500,18,16,18,29,28,28,72,69,92,70,83,43,76,72,40,58
Western Area,Rural,2023,September,3274,3156,1763,1693,193,182,8,12372,1580000,1163,1053,725,696,37,107,5,4448,276500,21,23,18,31,26,25,75,71,92,59,84,47,83,66,34,53
Western Area,Rural,2023,October,2810,2748,1779,1747,130,186,4,9579,1580000,929,838,531,510,18,87,2,3992,276500,22,18,20,24,24,21,76,68,91,67,87,42,76,71,22,65
Western Area,Rural,2023,November,1246,1212,686,676,71,70,2,4976,1580000,467,438,346,342,9,34,1,1853,276500,16,21,18,27,22,25,78,74,92,57,83,48,84,69,25,49
Western Area,Rural,2023,December,990,928,587,573,47,59,2,3221,1580000,426,410,327,323,10,38,1,1376,276500,22,22,20,25,25,24,79,67,88,56,90,40,81,63,29,51
Port Loko,Buya Romende,2023,January,912,892,664,642,34,58,2,3621,145000,349,307,197,194,7,32,1,1137,25400,15,22,21,28,25,30,77,66,88,64,87,47,86,69,35,53
Port Loko,Buya Romende,2023,February,1056,1022,583,555,30,55,1,4206,145000,406,380,264,261,6,32,0,1467,25400,23,17,18,21,29,27,80,74,91,71,83,57,82,69,22,66
Port Loko,Buya Romende,2023,March,1461,1259,854,847,60,100,3,4797,145000,507,446,294,290,14,45,2,1745,25400,14,17,20,30,24,22,73,67,91,60,85,44,86,63,24,68
Port Loko,Buya Romende,2023,April,1169,1089,637,621,26,56,1,3818,145000,485,457,328,321,17,36,0,1498,25400,16,19,21,22,28,26,79,74,93,57,87,55,84,63,40,63
Port Loko,Buya Romende,2023,May,3348,2947,1749,1722,166,139,3,12207,145000,1046,953,740,734,27,88,2,4072,25400,22,21,20,27,29,29,78,65,91,64,86,57,81,60,24,53
Port Loko,Buya Romende,2023,June,1635,1529,1050,1001,54,116,4,5649,145000,563,502,360,346,10,65,2,2478,25400,16,17,19,24,29,21,77,66,90,69,87,47,80,65,31,59
Port Loko,Buya Romende,2023,July,3346,2921,1978,1940,187,186,4,12109,145000,1031,946,744,729,41,86,2,4007,25400,24,22,21,27,32,31,78,71,88,69,86,36,86,61,30,55
Port Loko,Buya Romende,2023,August,2147,1913,1331,1310,51,158,7,7878,145000,889,858,601,580,30,82,4,2470,25400,17,21,21,24,24,25,80,75,93,63,82,42,86,73,26,49
Port Loko,Buya Romende,2023,September,3414,3034,1669,1612,108,150,7,12515,145000,1366,1283,880,856,15,92,5,4134,25400,15,21,20,30,24,28,73,67,88,68,85,48,77,67,40,49
Port Loko,Buya Romende,2023,October,3248,3010,1683,1634,103,184,5,11004,145000,1254,1204,806,792,32,96,3,4461,25400,20,17,19,26,25,28,73,76,94,63,89,55,83,60,40,65
Port Loko,Buya Romende,2023,November,1397,1312,954,924,30,77,2,4658,145000,628,560,444,441,22,44,1,1645,25400,16,17,21,27,28,30,80,63,93,71,83,42,80,70,40,68
Port Loko,Buya Romende,2023,December,1496,1305,866,861,47,95,3,5082,145000,504,456,314,305,14,59,1,1731,25400,25,17,20,28,25,25,79,69,89,58,84,43,84,72,29,57
Port Loko,Kaffu Bullom,2023,January,969,897,629,619,51,74,1,3133,145000,324,292,224,216,9,44,0,1317,25400,17,22,20,28,28,31,73,69,90,67,85,39,78,69,39,56
Port Loko,Kaffu Bullom,2023,February,1353,1294,799,774,32,71,3,4487,145000,531,479,307,297,14,37,1,1716,25400,15,20,20,27,31,26,72,72,94,59,82,41,83,69,26,51
Port Loko,Kaffu Bullom,2023,March,1376,1178,871,842,53,86,3,4574,145000,574,551,402,396,6,50,1,1892,25400,24,21,19,29,22,22,73,76,94,68,83,54,80,66,35,63
Port Loko,Kaffu Bullom,2023,April,1482,1364,894,863,83,79,3,5690,145000,470,438,335,324,10,42,2,2403,25400,18,21,21,30,30,30,76,67,91,57,89,55,79,63,39,68
Port Loko,Kaffu Bullom,2023,May,1986,1901,1085,1056,66,99,3,7307,145000,883,788,578,576,16,46,2,2234,25400,16,16,20,28,31,22,80,66,88,66,85,55,82,69,29,60
Port Loko,Kaffu Bullom,2023,June,1498,1391,957,946,57,81,3,5659,145000,545,526,371,363,17,41,2,2536,25400,18,20,21,26,23,24,74,74,94,68,87,42,83,67,22,63
Port Loko,Kaffu Bullom,2023,July,3341,3226,1904,1819,181,189,8,12206,145000,1417,1324,845,835,49,115,4,3829,25400,15,22,18,29,25,22,80,63,89,57,83,57,84,66,37,65
Port Loko,Kaffu Bullom,2023,August,1624,1479,1042,1021,82,119,3,5606,145000,692,610,452,438,25,65,2,1819,25400,22,22,21,27,25,26,71,68,94,69,83,41,82,63,30,49
Port Loko,Kaffu Bullom,2023,September,1530,1470,1012,1005,79,120,3,6001,145000,525,478,302,290,17,59,1,2490,25400,23,20,20,31,30,28,81,74,92,68,88,57,83,63,36,60
Port Loko,Kaffu Bullom,2023,October,2559,2491,1539,1538,58,129,6,9874,145000,887,808,578,561,26,79,3,3347,25400,19,23,18,26,32,26,78,69,90,60,83,58,77,59,28,53
Port Loko,Kaffu Bullom,2023,November,631,599,379,363,16,31,1,2066,145000,214,199,147,144,7,17,0,900,25400,18,22,18,26,26,31,80,70,89,59,84,38,81,72,22,52
Port Loko,Kaffu Bullom,2023,December,1427,1235,849,848,31,87,3,5008,145000,627,576,403,401,7,55,1,1660,25400,21,19,18,28,27,22,76,76,93,60,90,44,84,69,34,67
Port Loko,Lokomasama,2023,January,1113,1052,774,773,66,64,2,3966,145000,393,354,281,274,12,34,1,1599,25400,16,19,19,31,28,27,80,63,94,70,82,60,82,62,34,52
Port Loko,Lokomasama,2023,February,1349,1274,813,812,63,91,3,4907,145000,541,520,388,387,8,58,1,1876,25400,20,18,21,27,22,23,71,65,94,68,84,52,81,65,32,51
Port Loko,Lokomasama,2023,March,926,821,511,489,35,59,1,3226,145000,313,302,225,218,3,31,0,1367,25400,25,18,21,25,27,28,74,67,93,71,85,43,86,66,35,59
Port Loko,Lokomasama,2023,April,698,616,350,341,15,38,0,2313,145000,300,288,229,221,7,20,0,835,25400,22,20,18,30,29,26,71,64,89,71,83,38,85,72,40,66
Port Loko,Lokomasama,2023,May,1566,1479,1033,1019,71,91,2,5243,145000,629,580,413,402,12,51,1,2007,25400,17,20,18,29,26,22,75,63,91,64,85,57,86,72,40,69
Port Loko,Lokomasama,2023,June,2626,2430,1365,1351,64,131,3,9083,145000,847,809,520,502,16,84,2,2994,25400,24,17,20,24,24,28,81,74,88,70,90,37,77,62,40,66
Port Loko,Lokomasama,2023,July,2037,1843,1217,1160,77,101,4,7010,145000,647,626,438,434,24,49,2,2871,25400,23,21,20,25,27,28,76,68,88,71,89,44,84,60,40,67
Port Loko,Lokomasama,2023,August,3189,3094,1758,1677,135,183,7,10263,145000,1142,1044,659,651,34,87,4,3474,25400,16,23,19,30,30,22,71,74,93,69,87,43,82,60,37,69
Port Loko,Lokomasama,2023,September,3265,3030,2250,2195,116,205,6,11617,145000,996,909,631,607,31,123,3,3669,25400,14,22,19,28,23,22,72,70,90,71,85,55,86,62,40,59
Port Loko,Lokomasama,2023,October,1507,1397,976,936,47,110,4,5973,145000,582,538,391,386,21,66,2,2026,25400,21,18,21,29,25,23,72,67,90,66,85,49,84,62,28,63
Port Loko,Lokomasama,2023,November,1043,990,695,693,30,75,2,3524,145000,444,428,291,279,6,46,1,1481,25400,14,17,18,22,26,21,75,71,88,56,87,36,84,71,33,61
Port Loko,Lokomasama,2023,December,1313,1167,767,758,78,65,2,4361,145000,553,522,343,341,7,31,1,1897,25400,17,18,21,28,22,27,80,70,92,62,90,41,85,59,22,59
Bo,Bumpe Ngao,2024,January,853,791,563,544,20,46,1,2761,186000,322,301,207,203,8,28,0,1160,32500,11,17,15,21,19,21,81,73,98,69,96,58,92,77,34,59
Bo,Bumpe Ngao,2024,February,1298,1172,687,681,27,64,1,4238,186000,509,452,340,326,13,29,0,1653,32500,16,13,14,19,16,19,79,80,94,62,94,42,84,67,40,57
Bo,Bumpe Ngao,2024,March,1044,923,566,547,44,61,1,4127,186000,355,315,211,209,6,34,0,1812,32500,11,12,13,20,19,17,81,77,97,71,95,52,92,72,40,57
Bo,Bumpe Ngao,2024,April,817,701,413,408,29,39,1,2909,186000,359,346,220,212,4,17,0,1109,32500,14,16,13,19,18,18,81,82,96,67,94,52,91,66,40,55
Bo,Bumpe Ngao,2024,May,3245,3178,1973,1931,131,161,6,12269,186000,1381,1276,922,917,38,96,3,4516,32500,15,16,15,19,18,20,84,73,98,72,93,60,85,67,38,67
Bo,Bumpe Ngao,2024,June,3000,2743,1867,1782,122,152,3,11735,186000,977,914,640,616,15,70,1,4784,32500,18,15,15,17,19,17,77,69,95,72,95,60,83,65,32,63
Bo,Bumpe Ngao,2024,July,1843,1652,908,875,106,100,3,6314,186000,582,544,399,385,9,54,1,2085,32500,13,12,13,20,20,17,86,75,96,65,89,52,82,65,40,56
Bo,Bumpe Ngao,2024,August,1888,1664,961,927,63,112,2,6095,186000,803,745,479,464,23,61,1,2742,32500,18,12,13,17,17,20,86,80,98,66,89,49,89,74,40,58
Bo,Bumpe Ngao,2024,September,3562,3242,2277,2194,146,236,11,13040,186000,1528,1418,910,893,48,112,7,5561,32500,11,12,15,18,21,17,85,81,98,70,88,52,82,75,34,72
Bo,Bumpe Ngao,2024,October,3504,3130,2086,2065,123,214,4,13498,186000,1226,1096,679,667,15,116,2,5563,32500,11,12,14,18,21,21,79,76,98,62,88,48,86,78,40,71
Bo,Bumpe Ngao,2024,November,899,866,625,613,43,72,1,3025,186000,308,289,191,187,10,36,0,1191,32500,14,17,14,18,16,18,87,69,98,77,94,43,92,72,40,68
Bo,Bumpe Ngao,2024,December,1450,1334,777,754,69,88,1,5193,186000,441,422,307,303,12,39,0,1988,32500,11,13,15,20,15,19,79,80,98,76,94,56,87,67,39,74
Bo,Kakua,2024,January,1621,1492,834,816,69,85,3,5757,186000,716,630,440,437,20,48,1,2393,32500,15,15,13,16,17,15,84,74,95,62,95,53,87,64,40,55
Bo,Kakua,2024,February,762,714,425,420,45,35,0,3018,186000,263,234,155,154,8,21,0,918,32500,14,13,16,17,21,21,78,69,97,75,90,60,85,76,40,55
Bo,Kakua,2024,March,1623,1497,1105,1102,53,130,5,5869,186000,548,531,418,411,8,66,3,2341,32500,13,17,13,20,15,18,79,72,95,72,91,60,92,65,40,64
Bo,Kakua,2024,April,1400,1364,830,789,76,97,3,4890,186000,536,472,365,363,15,50,2,1618,32500,16,16,15,18,22,18,87,70,95,66,91,52,84,72,40,68
Bo,Kakua,2024,May,1571,1371,920,876,44,81,2,5381,186000,582,531,358,352,8,46,1,1899,32500,16,13,14,18,18,22,78,73,96,63,95,56,85,74,35,64
Bo,Kakua,2024,June,1831,1639,1203,1144,78,120,3,7258,186000,758,710,551,540,25,72,1,2191,32500,12,14,13,15,17,22,83,69,96,69,88,60,88,71,32,63
Bo,Kakua,2024,July,2115,1946,1363,1334,99,146,3,6922,186000,756,684,537,522,17,69,1,2098,32500,11,15,16,15,16,17,86,78,97,72,91,43,90,73,33,58
Bo,Kakua,2024,August,1531,1357,963,951,56,110,5,5662,186000,597,565,423,420,8,62,3,2026,32500,11,14,16,22,22,15,80,69,96,71,96,54,85,69,27,64
Bo,Kakua,2024,September,3666,3439,2070,1976,91,203,9,12381,186000,1363,1281,876,854,48,106,5,4968,32500,17,13,14,16,20,20,85,78,98,73,91,56,85,67,40,57
Bo,Kakua,2024,October,2774,2484,1652,1579,134,133,3,9395,186000,1066,966,672,662,23,81,1,4197,32500,19,15,16,20,19,19,85,69,97,69,88,58,90,64,40,74
Bo,Kakua,2024,November,1331,1209,831,802,79,69,2,4739,186000,457,433,302,293,8,39,1,1658,32500,18,13,15,16,20,16,80,69,95,76,96,60,91,75,39,65
Bo,Kakua,2024,December,1341,1171,726,724,67,64,1,4477,186000,471,414,271,269,18,39,0,1460,32500,11,16,13,21,21,16,85,78,95,63,96,54,82,69,30,75
Bo,Tikonko,2024,January,1033,933,564,549,54,62,1,3531,186000,378,335,245,241,14,29,0,1277,32500,16,15,14,21,22,15,77,82,98,62,88,60,82,71,40,71
Bo,Tikonko,2024,February,793,770,509,508,21,59,1,2870,186000,248,236,169,166,7,31,0,1278,32500,19,13,15,21,22,21,85,72,97,62,93,47,91,76,40,69
Bo,Tikonko,2024,March,1406,1302,908,878,60,87,3,5522,186000,443,391,300,296,16,44,1,2113,32500,13,13,14,15,20,17,80,72,98,68,89,59,82,67,32,58
Bo,Tikonko,2024,April,659,645,365,359,21,34,1,2624,186000,282,262,184,178,10,18,0,875,32500,12,13,14,21,19,16,83,70,97,65,91,53,85,76,35,57
Bo,Tikonko,2024,May,3234,3048,2220,2173,110,208,8,12921,186000,1364,1288,940,915,25,115,5,4697,32500,11,15,15,17,22,16,81,72,98,72,96,57,90,75,40,70
Bo,Tikonko,2024,June,1670,1544,1135,1118,75,97,3,6511,186000,639,564,429,420,19,47,1,2899,32500,11,17,15,18,19,20,80,71,98,66,92,46,92,76,40,75
Bo,Tikonko,2024,July,2568,2312,1645,1641,146,183,4,8415,186000,1120,1041,748,730,15,104,2,3709,32500,19,16,14,20,19,19,87,70,98,73,90,60,89,73,40,58
Bo,Tikonko,2024,August,3386,2965,2062,2031,120,245,8,11265,186000,1169,1053,788,760,27,111,4,4385,32500,13,17,15,20,19,15,78,76,95,63,96,43,92,69,35,62
Bo,Tikonko,2024,September,3436,3221,2323,2288,152,275,12,11588,186000,1172,1035,721,717,26,129,8,3518,32500,16,14,14,22,16,21,81,71,98,70,91,60,82,67,40,72
Bo,Tikonko,2024,October,1770,1564,910,890,50,83,2,7041,186000,691,624,463,453,25,46,1,2728,32500,19,13,15,19,22,17,80,69,96,75,91,59,85,67,40,64
Bo,Tikonko,2024,November,1179,1088,732,727,41,61,2,4196,186000,394,372,240,239,9,28,1,1466,32500,15,15,15,16,15,18,78,76,96,72,93,60,91,68,40,58
Bo,Tikonko,2024,December,1545,1342,789,783,57,84,3,5620,186000,565,506,317,308,13,43,2,2362,32500,13,16,13,18,18,19,79,76,94,72,96,60,85,70,35,70
Bo,Valunia,2024,January,972,927,605,601,33,50,2,3240,186000,427,404,276,270,6,27,1,1223,32500,14,15,14,17,22,21,85,78,98,74,96,60,92,68,40,61
Bo,Valunia,2024,February,1097,974,538,519,32,63,2,4126,186000,346,333,214,207,13,37,1,1582,32500,19,14,14,16,16,21,83,80,95,71,91,42,88,74,36,63
Bo,Valunia,2024,March,842,749,413,409,47,44,1,3180,186000,262,242,167,165,10,26,0,1174,32500,12,16,15,21,17,16,77,71,96,66,94,43,87,72,40,71
Bo,Valunia,2024,April,1362,1191,867,864,37,77,2,4383,186000,472,424,334,329,16,39,1,1936,32500,17,16,15,18,15,19,83,78,98,64,89,47,85,65,31,57
Bo,Valunia,2024,May,3504,3192,2156,2128,122,213,7,12668,186000,1402,1302,881,870,17,112,5,5506,32500,13,15,14,16,16,22,84,82,98,77,96,49,90,78,40,60
Bo,Valunia,2024,June,2503,2216,1331,1298,130,133,4,9733,186000,845,798,564,546,23,74,2,3283,32500,11,15,14,21,15,19,84,78,98,74,92,60,91,66,40,66
Bo,Valunia,2024,July,1638,1500,1082,1048,45,100,2,6523,186000,703,644,449,443,24,55,1,2603,32500,18,15,14,18,19,20,83,77,95,76,89,47,83,65,34,57
Bo,Valunia,2024,August,3181,2918,1853,1774,190,201,6,10553,186000,1035,991,727,724,31,115,3,3588,32500,12,15,14,18,19,17,79,79,98,70,95,55,87,67,40,66
Bo,Valunia,2024,September,3387,3280,2458,2409,180,243,8,12023,186000,1168,1039,717,701,16,115,5,4418,32500,14,12,16,21,21,18,83,77,98,70,96,55,84,72,40,72
Bo,Valunia,2024,October,2472,2377,1765,1712,141,167,7,8185,186000,835,790,508,506,15,88,4,2757,32500,11,13,15,16,17,19,87,79,95,71,96,58,87,70,39,70
Bo,Valunia,2024,November,697,661,463,460,15,41,1,2287,186000,234,208,139,138,4,24,0,707,32500,16,15,13,22,22,19,77,74,94,64,90,47,82,71,40,58
Bo,Valunia,2024,December,769,675,475,451,44,52,2,2569,186000,239,230,145,141,4,29,1,798,32500,13,16,15,22,21,18,86,78,96,77,93,55,88,65,34,57
Kenema,Dama,2024,January,1499,1373,947,920,40,112,3,4847,177000,580,526,381,379,21,68,1,2068,31000,16,16,15,18,18,21,77,73,98,68,94,60,83,78,40,72
Kenema,Dama,2024,February,841,816,530,524,42,51,2,3129,177000,306,285,184,180,11,24,1,1234,31000,17,17,13,17,16,19,78,69,98,66,95,59,83,71,31,65
Kenema,Dama,2024,March,721,679,376,364,25,34,1,2504,177000,235,220,154,151,5,21,0,1013,31000,19,12,14,15,19,16,78,81,95,71,96,42,90,69,36,65
Kenema,Dama,2024,April,687,634,349,340,32,40,1,2635,177000,237,227,158,155,2,20,0,871,31000,19,17,14,19,18,17,85,78,95,63,94,45,89,68,40,56
Kenema,Dama,2024,May,3272,2949,1853,1787,135,162,6,10796,177000,1260,1159,772,749,15,93,3,4520,31000,15,15,15,20,21,19,82,71,94,75,92,51,84,64,40,59
Kenema,Dama,2024,June,1791,1693,935,896,103,78,3,5994,177000,660,624,453,435,21,40,1,2255,31000,19,15,16,15,16,15,78,74,98,64,90,58,84,77,40,63
Kenema,Dama,2024,July,2658,2516,1818,1795,108,162,3,10377,177000,898,834,556,545,9,99,2,3183,31000,10,13,15,22,21,16,83,77,98,77,92,60,90,75,40,74
Kenema,Dama,2024,August,3343,2881,1810,1798,139,198,6,11290,177000,1095,998,773,764,22,125,4,4399,31000,15,12,13,22,21,19,84,78,94,67,92,51,89,73,38,70
Kenema,Dama,2024,September,2994,2879,1749,1667,142,205,7,9869,177000,914,870,625,624,35,126,4,3206,31000,13,14,15,16,19,22,80,80,98,68,93,52,85,73,33,67
Kenema,Dama,2024,October,2532,2352,1707,1640,107,152,4,8242,177000,833,746,542,531,15,95,2,2487,31000,17,13,16,20,20,21,77,80,98,66,90,60,92,76,35,74
Kenema,Dama,2024,November,837,793,502,495,30,51,1,2964,177000,352,323,217,215,8,25,0,964,31000,17,17,15,15,20,17,86,76,97,66,93,60,85,66,40,64
Kenema,Dama,2024,December,844,731,473,451,35,47,1,2780,177000,353,317,210,209,13,29,0,1025,31000,19,15,16,21,17,16,78,69,96,65,89,56,88,73,40,67
Kenema,Gaura,2024,January,1027,899,632,603,37,64,2,3585,177000,412,368,273,263,10,41,1,1198,31000,16,16,16,17,19,16,86,79,96,68,96,43,91,77,31,61
Kenema,Gaura,2024,February,1192,1053,602,578,56,71,3,4399,177000,471,443,317,311,7,44,2,1915,31000,10,13,14,15,17,22,82,77,97,70,95,58,90,69,39,75
Kenema,Gaura,2024,March,1126,1103,815,788,42,86,1,3689,177000,392,377,245,243,13,53,0,1237,31000,14,17,15,18,18,16,79,80,98,66,88,49,89,77,40,73
Kenema,Gaura,2024,April,878,806,472,463,32,39,1,2888,177000,285,264,182,181,6,20,0,1226,31000,15,13,16,20,19,19,87,73,97,63,93,42,83,70,40,75
Kenema,Gaura,2024,May,1512,1456,953,936,53,77,1,5400,177000,543,522,328,322,9,35,0,1746,31000,19,17,14,17,21,21,82,81,97,69,91,54,91,64,37,59
Kenema,Gaura,2024,June,3334,3160,1922,1902,154,170,7,13048,177000,1271,1189,823,795,33,98,5,5548,31000,16,17,15,18,16,20,80,71,98,75,92,52,83,71,40,70
Kenema,Gaura,2024,July,2080,1994,1367,1366,73,123,5,8235,177000,656,630,453,446,8,55,3,3513,31000,10,12,15,20,19,16,86,80,98,65,92,60,89,67,40,66
Kenema,Gaura,2024,August,3468,2996,1798,1773,117,183,6,11375,177000,1155,1088,816,794,13,103,3,5048,31000,13,12,14,15,15,21,82,77,98,72,93,47,92,69,40,65
Kenema,Gaura,2024,September,2102,1895,1109,1070,59,104,3,7481,177000,680,631,431,425,21,61,1,3100,31000,18,15,16,21,20,17,87,81,94,74,88,44,87,64,40,60
Kenema,Gaura,2024,October,2523,2221,1637,1625,117,174,7,8183,177000,905,799,537,534,29,83,4,2931,31000,17,13,14,17,20,22,87,71,96,77,93,60,88,71,32,62
Kenema,Gaura,2024,November,788,689,425,421,38,41,1,2778,177000,343,312,201,200,12,20,0,860,31000,13,16,14,16,18,15,78,73,98,71,95,60,85,79,40,72
Kenema,Gaura,2024,December,1492,1348,946,934,66,88,2,5850,177000,570,515,363,353,12,55,1,1853,31000,13,12,15,17,22,17,80,75,97,62,94,52,89,74,28,57
Kenema,Kandu Leppiama,2024,January,1252,1092,774,739,26,62,1,4612,177000,527,483,341,330,14,39,0,1390,31000,13,16,14,18,18,16,78,76,96,62,92,51,92,69,40,56
Kenema,Kandu Leppiama,2024,February,844,781,495,472,44,47,1,2752,177000,287,268,192,190,5,23,0,988,31000,14,15,15,19,17,20,86,70,98,71,92,59,91,65,34,63
Kenema,Kandu Leppiama,2024,March,1558,1363,898,873,74,97,2,5706,177000,605,567,431,427,10,52,1,2356,31000,15,12,14,20,16,19,82,71,94,73,94,49,83,78,31,58
Kenema,Kandu Leppiama,2024,April,1532,1318,728,694,69,69,2,5537,177000,545,508,392,382,6,35,1,2196,31000,11,14,14,19,17,16,81,81,94,64,90,50,87,76,38,57
Kenema,Kandu Leppiama,2024,May,2977,2551,1658,1635,116,144,5,11108,177000,897,864,635,620,20,74,3,4787,31000,13,13,14,15,15,17,86,72,97,71,91,42,87,66,35,62
Kenema,Kandu Leppiama,2024,June,1675,1484,821,781,77,82,3,6021,177000,719,671,474,471,18,41,2,2264,31000,15,14,15,17,22,18,84,80,98,77,89,57,92,67,40,58
Kenema,Kandu Leppiama,2024,July,3328,3184,2183,2171,84,232,8,11429,177000,1489,1399,884,870,34,111,4,3533,31000,13,13,14,16,17,20,83,69,94,74,95,45,91,68,37,58
Kenema,Kandu Leppiama,2024,August,2982,2644,1657,1597,127,176,7,10947,177000,1151,1066,840,821,24,113,4,4396,31000,16,14,16,19,21,16,78,69,96,63,90,52,85,65,40,74
Kenema,Kandu Leppiama,2024,September,2555,2187,1440,1413,91,136,2,10068,177000,1001,939,657,636,12,66,1,3539,31000,12,16,15,19,20,21,82,79,96,64,95,58,90,78,28,63
Kenema,Kandu Leppiama,2024,October,2282,1955,1115,1100,130,115,5,8372,177000,727,686,519,509,26,68,3,3396,31000,13,15,15,22,16,22,83,77,98,64,89,47,85,69,38,59
Kenema,Kandu Leppiama,2024,November,1414,1378,933,920,38,104,3,5015,177000,610,573,454,443,21,49,2,1716,31000,13,15,14,15,18,17,81,79,96,72,89,42,83,78,30,60
Kenema,Kandu Leppiama,2024,December,1545,1411,812,782,81,65,1,5269,177000,505,487,388,378,17,39,0,1609,31000,18,15,14,21,17,18,86,73,98,62,88,45,86,76,29,55
Kenema,Nomo,2024,January,1216,1134,688,667,30,79,1,4607,177000,380,361,282,279,7,41,0,1538,31000,13,15,14,22,19,22,77,82,98,62,88,42,83,74,29,60
Kenema,Nomo,2024,February,752,701,506,489,21,58,1,2430,177000,296,272,198,190,6,33,0,1078,31000,18,12,16,18,21,18,82,75,94,62,89,53,83,66,30,57
Kenema,Nomo,2024,March,1525,1403,819,808,33,68,1,6082,177000,489,462,320,319,8,31,0,2668,31000,18,13,16,15,20,21,84,73,98,71,91,59,89,64,40,72
Kenema,Nomo,2024,April,965,835,575,556,47,57,2,3637,177000,327,300,206,202,6,26,1,1534,31000,13,12,16,17,18,16,80,77,97,73,96,45,88,68,29,74
Kenema,Nomo,2024,May,1882,1763,1258,1246,40,140,3,7229,177000,744,703,436,435,20,72,1,3128,31000,13,16,15,15,16,20,79,70,96,68,91,60,90,64,30,55
Kenema,Nomo,2024,June,2793,2642,1829,1783,152,152,6,11127,177000,1012,906,594,583,14,83,3,3401,31000,16,12,14,22,19,18,77,81,98,70,89,48,83,77,32,62
Kenema,Nomo,2024,July,2335,2182,1293,1233,65,145,4,7918,177000,1002,889,600,598,22,68,2,3335,31000,18,17,16,18,17,15,83,75,95,74,89,51,85,79,40,59
Kenema,Nomo,2024,August,3700,3544,2203,2140,204,202,5,14056,177000,1526,1378,932,922,37,125,3,5772,31000,15,14,15,16,16,17,84,74,94,73,88,52,91,66,34,64
Kenema,Nomo,2024,September,3314,3117,1866,1784,87,167,6,10643,177000,1324,1205,791,787,46,102,3,3539,31000,11,16,15,22,20,20,83,82,97,73,93,43,83,72,33,60
Kenema,Nomo,2024,October,2096,2004,1376,1349,53,131,4,7663,177000,629,592,434,419,9,59,2,2672,31000,13,14,16,19,22,20,81,74,96,66,94,60,90,74,27,62
Kenema,Nomo,2024,November,802,776,497,487,41,41,0,2817,177000,352,331,252,244,3,21,0,1107,31000,17,17,15,18,22,19,77,82,95,64,96,60,91,73,36,67
Kenema,Nomo,2024,December,1232,1089,713,705,66,80,2,4826,177000,392,350,220,212,8,43,1,2150,31000,15,15,16,16,17,17,87,73,95,76,93,60,90,74,31,57
Kono,Gbane,2024,January,1176,1090,797,773,32,83,2,3819,146000,466,418,285,282,14,51,1,1299,25500,10,17,15,19,22,19,79,71,98,62,89,59,88,76,40,67
Kono,Gbane,2024,February,1104,1079,767,752,27,73,1,3694,146000,473,454,335,325,14,39,0,1599,25500,12,15,15,16,18,21,79,77,94,62,94,43,86,70,39,62
Kono,Gbane,2024,March,850,746,519,500,44,51,1,3239,146000,260,249,166,161,6,27,0,1047,25500,16,14,13,20,17,20,78,82,95,62,89,58,91,69,33,62
Kono,Gbane,2024,April,1279,1227,766,761,53,72,2,4437,146000,535,505,391,387,5,44,1,1815,25500,17,15,16,16,22,19,87,78,97,74,88,48,91,72,40,57
Kono,Gbane,2024,May,3498,3419,1987,1960,167,200,8,12375,146000,1419,1330,947,939,17,97,5,5494,25500,14,16,14,21,15,22,84,71,98,77,94,56,86,74,31,65
Kono,Gbane,2024,June,2808,2675,1595,1591,141,188,7,9884,146000,1157,1101,806,782,17,107,4,3353,25500,17,12,15,19,15,18,81,70,95,76,89,53,85,79,34,67
Kono,Gbane,2024,July,1687,1495,950,922,75,103,4,6173,146000,690,619,391,386,17,55,2,2218,25500,16,16,16,21,17,22,86,78,97,63,91,48,82,66,31,71
Kono,Gbane,2024,August,2061,1995,1289,1263,75,137,3,7909,146000,705,674,525,514,18,64,1,3336,25500,15,15,14,18,15,20,80,71,98,65,90,60,82,67,35,71
Kono,Gbane,2024,September,3363,2995,1941,1881,182,214,10,11925,146000,1190,1059,660,655,33,114,7,4531,25500,11,15,14,16,20,17,81,80,98,74,91,53,89,79,40,66
Kono,Gbane,2024,October,2349,2069,1231,1209,124,122,2,8598,146000,1050,926,694,673,41,62,1,3483,25500,12,14,13,21,16,22,78,69,96,67,92,45,85,74,40,55
Kono,Gbane,2024,November,1486,1279,899,894,69,97,3,5440,146000,638,591,387,378,6,55,1,2251,25500,11,13,15,21,21,22,84,79,95,64,88,60,83,67,40,65
Kono,Gbane,2024,December,1359,1285,773,771,51,81,3,5173,146000,549,506,367,355,9,41,2,2262,25500,18,17,16,18,22,20,84,76,95,62,92,54,92,74,31,59
Kono,Gbense,2024,January,691,595,359,348,21,42,0,2442,146000,263,248,185,180,3,21,0,838,25500,12,17,15,21,16,19,81,81,94,76,91,59,91,79,32,68
Kono,Gbense,2024,February,1149,1123,739,723,61,83,3,3950,146000,516,496,394,388,11,38,1,1704,25500,17,15,15,16,16,20,78,78,95,69,88,55,88,67,40,61
Kono,Gbense,2024,March,895,793,579,564,49,55,1,2896,146000,397,369,286,280,5,31,0,1269,25500,11,17,13,19,19,22,78,81,98,74,90,53,84,71,34,63
Kono,Gbense,2024,April,1025,893,524,504,57,62,2,3564,146000,422,377,267,265,16,29,1,1435,25500,19,14,14,22,18,19,86,75,94,74,90,45,91,75,40,65
Kono,Gbense,2024,May,3675,3401,2269,2236,122,236,10,14323,146000,1396,1314,914,889,34,116,5,5260,25500,12,17,15,15,22,16,79,78,98,70,92,59,91,77,40,68
Kono,Gbense,2024,June,2238,1946,1279,1265,110,123,2,7359,146000,873,805,524,504,28,59,1,2302,25500,14,15,15,20,18,17,79,74,97,72,95,43,85,76,40,63
Kono,Gbense,2024,July,2398,2164,1444,1412,108,157,7,9322,146000,726,672,502,498,18,75,4,4024,25500,12,14,16,18,18,15,80,76,98,70,92,60,91,72,38,59
Kono,Gbense,2024,August,1862,1632,980,975,44,115,2,7122,146000,836,809,540,530,18,59,1,2343,25500,18,15,13,20,20,21,84,80,98,69,92,60,86,79,31,58
Kono,Gbense,2024,September,1865,1635,959,958,109,93,3,7432,146000,813,751,498,483,28,56,1,2422,25500,14,17,16,17,17,18,84,74,98,64,93,50,82,68,34,74
Kono,Gbense,2024,October,2967,2603,1664,1654,81,167,8,11781,146000,1321,1228,924,890,17,86,5,4114,25500,14,14,14,22,19,17,83,75,94,77,89,59,90,68,40,70
Kono,Gbense,2024,November,670,615,348,344,28,34,1,2262,146000,269,257,204,197,2,17,0,804,25500,10,15,13,21,17,19,83,71,94,70,89,56,85,68,35,61
Kono,Gbense,2024,December,973,943,702,670,45,61,2,3142,146000,432,391,258,257,7,39,1,1235,25500,19,16,14,17,16,20,85,74,95,67,95,44,91,79,40,63
Kono,Lei,2024,January,1321,1173,766,733,34,84,3,4625,146000,452,406,292,281,14,44,1,1746,25500,17,16,13,17,16,17,78,77,94,63,91,52,82,77,40,70
Kono,Lei,2024,February,1342,1206,860,853,66,73,3,5331,146000,442,415,269,260,9,37,2,2223,25500,19,15,14,18,16,15,87,79,96,71,90,60,85,64,27,75
Kono,Lei,2024,March,1587,1467,1038,1010,64,106,3,6293,146000,664,586,427,424,22,48,2,2821,25500,15,14,13,21,21,17,82,74,96,62,94,58,92,66,38,67
Kono,Lei,2024,April,1022,934,661,651,41,65,1,3277,146000,356,320,247,237,4,42,0,1351,25500,18,13,13,20,20,18,86,76,98,68,93,59,88,74,40,63
Kono,Lei,2024,May,3237,2893,1621,1560,152,189,6,10890,146000,1083,1024,690,677,39,122,3,3849,25500,15,16,16,20,19,22,81,70,94,72,93,54,92,74,40,61
Kono,Lei,2024,June,2961,2732,1645,1617,69,154,7,10075,146000,1317,1222,960,940,47,75,4,4260,25500,18,15,15,18,17,20,78,70,98,68,95,60,84,71,40,75
Kono,Lei,2024,July,2151,1893,1274,1237,68,132,3,7359,146000,924,882,632,611,32,76,1,2210,25500,16,14,16,18,16,18,81,81,95,65,93,60,83,79,40,62
Kono,Lei,2024,August,2528,2178,1533,1494,115,168,4,8750,146000,1056,1013,703,683,26,82,2,2883,25500,15,13,16,18,16,22,86,70,98,74,93,45,92,68,40,67
Kono,Lei,2024,September,3661,3144,2318,2219,145,210,9,12677,146000,1633,1539,1187,1175,27,121,6,4110,25500,12,12,16,18,20,17,84,72,96,73,96,54,89,78,40,65
Kono,Lei,2024,October,2278,2175,1296,1244,71,131,5,7503,146000,927,820,611,605,31,84,3,2281,25500,18,16,15,15,22,15,85,69,95,63,94,48,89,70,40,74
Kono,Lei,2024,November,1355,1207,736,718,31,66,2,5114,146000,449,402,269,260,6,42,1,2197,25500,15,14,16,20,16,15,83,79,98,62,90,60,85,77,36,75
Kono,Lei,2024,December,1412,1297,796,782,67,87,3,4793,146000,449,405,312,301,8,48,1,1708,25500,13,17,13,17,18,20,85,81,95,71,90,48,91,69,40,73
Kono,Nimikoro,2024,January,1062,1034,577,567,44,57,1,4145,146000,383,361,271,269,9,30,0,1647,25500,19,12,14,20,21,17,83,79,98,75,90,53,87,65,40,70
Kono,Nimikoro,2024,February,1528,1446,920,912,87,96,3,5437,146000,595,535,342,330,17,60,1,1735,25500,18,16,16,22,15,20,82,76,95,66,94,56,91,71,36,74
Kono,Nimikoro,2024,March,1210,1098,674,646,50,77,3,4684,146000,537,512,328,319,16,36,1,1692,25500,12,15,13,20,22,20,79,75,97,64,89,47,88,67,40,60
Kono,Nimikoro,2024,April,990,922,515,508,28,55,2,3807,146000,398,375,248,242,5,33,1,1376,25500,14,13,14,22,15,17,82,71,95,77,91,60,85,64,40,68
Kono,Nimikoro,2024,May,1745,1649,1010,972,40,103,4,6965,146000,595,575,378,365,23,48,2,3063,25500,17,12,16,18,21,20,78,70,97,72,95,60,84,74,40,68
Kono,Nimikoro,2024,June,1891,1800,1142,1128,64,131,2,6173,146000,671,637,442,435,20,61,1,2559,25500,14,17,13,22,19,20,87,70,94,67,88,60,92,74,38,69
Kono,Nimikoro,2024,July,3399,3031,1934,1856,142,177,5,12639,146000,1138,1074,777,754,12,114,2,4444,25500,13,13,14,17,17,21,79,81,94,66,92,56,82,68,29,64
Kono,Nimikoro,2024,August,1709,1528,1143,1111,59,101,2,6375,146000,534,475,370,362,17,48,1,2312,25500,17,17,14,22,20,20,84,73,98,64,93,52,92,66,37,57
Kono,Nimikoro,2024,September,3146,2973,1818,1811,96,155,3,12322,146000,1318,1220,798,775,32,81,2,4043,25500,19,16,15,16,16,15,78,69,98,73,91,43,88,78,40,75
Kono,Nimikoro,2024,October,1922,1831,1080,1072,59,124,5,7682,146000,768,686,472,460,16,63,3,3221,25500,12,12,13,20,20,18,78,71,98,63,95,51,88,74,36,64
Kono,Nimikoro,2024,November,1515,1306,757,753,64,67,1,5453,146000,616,554,393,386,23,38,0,1654,25500,12,12,15,19,21,16,85,77,98,70,92,58,84,69,39,63
Kono,Nimikoro,2024,December,664,587,353,339,16,30,1,2618,146000,247,220,161,158,6,14,0,1163,25500,18,15,14,15,22,17,78,69,95,72,91,60,89,74,40,72
Western Area,Urban,2024,January,1097,967,689,682,23,73,2,4150,1580000,378,345,215,212,5,42,1,1378,276500,12,15,13,15,19,17,80,80,95,74,91,48,82,76,39,66
Western Area,Urban,2024,February,1016,869,504,491,33,51,1,3998,1580000,428,412,281,271,16,23,0,1427,276500,13,12,15,18,18,22,86,75,96,64,90,57,82,67,40,59
Western Area,Urban,2024,March,1501,1428,1032,990,58,98,4,5084,1580000,481,429,321,312,17,47,2,1620,276500,15,13,16,16,20,18,80,80,98,70,91,60,90,76,31,71
Western Area,Urban,2024,April,1252,1211,670,652,40,62,2,4607,1580000,450,401,292,291,13,32,1,1793,276500,12,13,15,15,20,19,80,70,98,70,91,49,82,71,36,56
Western Area,Urban,2024,May,3666,3189,2223,2164,161,213,9,13010,1580000,1343,1265,977,965,53,107,5,4454,276500,17,14,16,18,22,22,84,82,98,68,90,60,92,78,37,65
Western Area,Urban,2024,June,2526,2444,1547,1543,60,147,6,8669,1580000,820,727,535,532,20,92,4,2634,276500,12,12,14,15,19,17,85,74,98,76,91,52,85,67,39,74
Western Area,Urban,2024,July,2298,2251,1589,1577,75,184,8,8344,1580000,949,846,537,530,26,91,5,3610,276500,15,12,15,19,19,22,87,82,94,67,95,49,85,70,34,60
Western Area,Urban,2024,August,3198,3131,2058,2005,169,168,7,11910,1580000,1155,1018,813,804,38,84,4,3950,276500,16,17,13,17,15,17,77,76,94,75,94,52,92,77,34,65
Western Area,Urban,2024,September,1756,1521,1001,981,82,84,3,6357,1580000,707,625,432,430,9,48,2,2547,276500,14,13,14,16,15,21,86,73,95,76,93,60,86,75,27,56
Western Area,Urban,2024,October,3442,3254,2168,2107,114,216,10,12191,1580000,1288,1224,783,769,15,129,7,4419,276500,14,16,16,15,18,20,84,79,97,68,88,53,88,74,38,58
Western Area,Urban,2024,November,691,662,466,449,25,55,1,2428,1580000,285,255,182,177,3,29,0,733,276500,12,17,15,15,19,20,81,75,98,70,95,58,82,70,40,71
Western Area,Urban,2024,December,1324,1220,853,839,34,75,3,4722,1580000,496,439,332,319,13,35,1,1678,276500,11,14,13,15,16,18,82,79,95,63,95,48,91,72,30,65
Western Area,Rural,2024,January,1293,1174,775,766,31,92,4,5156,1580000,463,415,274,264,5,58,2,1839,276500,18,14,15,21,18,16,80,78,95,71,90,47,91,66,40,61
Western Area,Rural,2024,February,1491,1458,855,833,34,87,2,5578,1580000,542,511,329,324,18,52,1,2410,276500,14,17,15,19,15,22,80,72,98,67,94,60,82,64,40,69
Western Area,Rural,2024,March,1561,1426,845,825,48,86,2,5078,1580000,503,451,317,306,15,55,1,2181,276500,12,12,15,18,22,16,79,76,98,75,93,52,86,64,37,71
Western Area,Rural,2024,April,1263,1171,838,815,55,94,2,4956,1580000,513,453,335,332,6,59,1,1832,276500,12,13,14,17,20,22,84,82,98,70,91,60,88,64,38,63
Western Area,Rural,2024,May,3607,3152,2070,2064,168,244,6,13516,1580000,1327,1273,887,873,16,119,4,5820,276500,14,17,15,20,20,19,81,79,97,65,90,59,83,70,40,75
Western Area,Rural,2024,June,3192,2885,1802,1765,176,179,8,11205,1580000,1308,1160,912,885,51,103,5,3400,276500,13,15,14,22,21,21,86,78,98,77,91,60,90,79,35,57
Western Area,Rural,2024,July,2679,2569,1725,1706,126,152,3,9404,1580000,852,798,505,503,27,93,1,3246,276500,17,14,13,21,19,17,77,73,98,66,94,49,82,71,40,56
Western Area,Rural,2024,August,3535,3222,2272,2270,183,234,4,13549,1580000,1417,1295,996,967,29,148,2,5139,276500,16,17,16,17,18,15,79,80,94,74,93,53,85,78,38,64
Western Area,Rural,2024,September,1906,1730,1026,988,105,84,2,7529,1580000,757,677,465,450,16,40,1,2786,276500,12,12,16,15,19,15,79,80,97,67,93,60,91,71,40,61
Western Area,Rural,2024,October,2084,1809,1356,1342,92,162,6,8016,1580000,842,787,594,580,15,79,3,3588,276500,14,12,14,22,18,22,84,82,95,72,89,51,86,71,34,63
Western Area,Rural,2024,November,1199,1092,607,588,48,64,2,4164,1580000,391,374,240,239,11,39,1,1674,276500,17,13,14,21,17,18,87,81,94,64,91,44,82,72,31,56
Western Area,Rural,2024,December,1327,1179,800,785,66,74,2,4256,1580000,591,571,360,353,8,34,1,1629,276500,11,14,14,15,19,20,81,69,96,62,93,49,86,78,27,68
Port Loko,Buya Romende,2024,January,674,625,404,398,19,35,0,2307,145000,287,270,179,172,7,20,0,1011,25400,15,14,16,16,18,15,81,76,98,72,95,52,83,76,40,62
Port Loko,Buya Romende,2024,February,1546,1322,819,818,46,90,3,4963,145000,478,435,316,309,11,51,1,2069,25400,19,14,14,19,15,17,85,79,94,72,90,42,84,76,37,64
Port Loko,Buya Romende,2024,March,842,812,560,537,46,53,2,2888,145000,378,354,267,264,7,33,1,1225,25400,13,14,15,21,20,22,83,74,94,76,96,47,84,70,40,69
Port Loko,Buya Romende,2024,April,1149,1018,739,733,33,72,2,3712,145000,473,437,278,270,9,43,1,1310,25400,14,16,13,20,20,15,83,71,97,74,91,51,90,74,36,58
Port Loko,Buya Romende,2024,May,3180,2971,1935,1850,66,174,4,12107,145000,1014,965,715,699,39,109,2,5326,25400,17,12,14,22,15,21,86,71,96,68,91,42,86,70,34,62
Port Loko,Buya Romende,2024,June,1900,1755,1146,1137,75,107,2,6635,145000,768,713,541,540,27,62,1,2883,25400,15,16,14,22,20,21,87,81,97,75,94,48,91,79,34,60
Port Loko,Buya Romende,2024,July,3120,2735,1626,1578,183,158,3,11554,145000,1003,888,659,651,10,77,1,3877,25400,12,15,14,17,21,20,79,79,97,67,91,54,89,76,40,70
Port Loko,Buya Romende,2024,August,2260,1965,1228,1213,125,119,4,8355,145000,932,837,530,517,37,67,2,3527,25400,11,13,13,20,17,17,85,69,97,67,95,43,82,69,40,60
Port Loko,Buya Romende,2024,September,3532,3116,1855,1793,75,173,6,12022,145000,1400,1328,954,928,52,109,3,4629,25400,17,13,15,19,16,17,78,71,98,66,93,54,87,77,40,72
Port Loko,Buya Romende,2024,October,2451,2331,1609,1591,120,160,3,8404,145000,887,841,541,533,30,93,2,3763,25400,17,12,14,16,15,17,79,80,96,66,95,55,91,65,40,70
Port Loko,Buya Romende,2024,November,954,901,534,522,40,59,1,3083,145000,416,390,295,287,10,38,0,1306,25400,11,17,16,19,18,20,78,79,94,73,91,60,87,78,40,58
Port Loko,Buya Romende,2024,December,1034,890,619,610,44,60,1,3918,145000,396,355,271,267,13,34,0,1224,25400,17,14,14,21,18,16,82,75,95,69,96,56,83,75,28,62
Port Loko,Kaffu Bullom,2024,January,1508,1322,956,937,74,96,2,5722,145000,547,515,400,392,19,58,1,2165,25400,18,17,15,15,21,17,78,69,98,68,93,43,82,73,40,66
Port Loko,Kaffu Bullom,2024,February,836,723,398,389,25,38,1,2872,145000,323,307,196,192,11,21,0,1198,25400,16,14,14,16,22,16,79,71,98,66,88,60,85,72,40,71
Port Loko,Kaffu Bullom,2024,March,879,855,626,614,26,52,1,3334,145000,309,276,182,175,11,29,0,1393,25400,18,17,14,20,18,19,86,80,95,65,88,57,88,72,31,59
Port Loko,Kaffu Bullom,2024,April,786,731,404,389,41,38,1,3044,145000,299,281,209,207,3,17,0,1299,25400,18,14,13,21,19,22,82,81,98,70,91,53,91,76,40,70
Port Loko,Kaffu Bullom,2024,May,2140,1853,1049,1031,112,119,4,7065,145000,954,856,668,664,22,73,2,2832,25400,12,15,14,20,17,18,80,74,97,74,90,53,91,78,33,55
Port Loko,Kaffu Bullom,2024,June,2628,2286,1610,1547,151,162,7,8482,145000,991,876,696,675,9,92,4,3138,25400,16,15,14,16,17,19,82,73,98,64,88,60,92,77,40,60
Port Loko,Kaffu Bullom,2024,July,3243,2794,1641,1596,103,192,5,10857,145000,1154,1075,677,657,17,97,3,4531,25400,12,16,15,18,18,17,83,73,98,74,95,60,86,79,27,64
Port Loko,Kaffu Bullom,2024,August,2051,1992,1369,1368,45,136,5,7759,145000,758,699,477,474,16,65,2,2802,25400,11,14,15,20,18,22,77,78,98,74,88,57,89,67,40,57
Port Loko,Kaffu Bullom,2024,September,3436,3186,2276,2196,135,221,8,13101,145000,1182,1048,656,633,31,119,4,5653,25400,10,15,15,21,21,16,78,76,98,63,94,46,91,64,40,63
Port Loko,Kaffu Bullom,2024,October,2023,1883,1247,1194,70,140,3,7385,145000,774,710,540,532,8,66,1,2635,25400,16,12,15,18,21,15,79,75,97,68,93,43,91,75,40,72
Port Loko,Kaffu Bullom,2024,November,1499,1379,783,761,75,92,2,5189,145000,574,555,385,378,18,58,1,1965,25400,12,12,14,18,20,16,86,70,97,66,95,44,89,68,35,75
Port Loko,Kaffu Bullom,2024,December,1175,1006,731,718,63,76,3,4515,145000,478,459,331,320,5,42,2,1703,25400,10,14,15,21,20,19,81,78,94,77,91,60,87,74,34,58
Port Loko,Lokomasama,2024,January,1342,1249,777,760,78,89,3,5003,145000,589,521,413,407,12,56,1,1830,25400,11,14,16,16,18,21,81,69,98,66,94,51,91,69,40,70
Port Loko,Lokomasama,2024,February,1053,924,513,497,37,52,2,3591,145000,352,319,228,219,13,24,1,1327,25400,14,13,16,22,19,18,77,71,98,64,96,44,92,77,35,59
Port Loko,Lokomasama,2024,March,1013,958,709,690,58,74,2,3595,145000,318,297,197,195,10,41,1,1347,25400,11,14,13,20,21,19,87,69,98,67,93,47,86,65,40,72
Port Loko,Lokomasama,2024,April,818,772,450,443,27,38,1,2831,145000,306,279,208,200,7,20,0,880,25400,14,12,15,18,21,18,86,69,98,72,90,60,88,73,37,64
Port Loko,Lokomasama,2024,May,1700,1622,982,945,74,115,3,5955,145000,762,738,470,466,8,53,2,2427,25400,11,17,14,18,15,17,82,81,94,66,91,45,85,73,31,63
Port Loko,Lokomasama,2024,June,2831,2603,1814,1800,139,169,5,10848,145000,900,811,557,553,15,80,3,4628,25400,14,15,14,16,21,17,85,78,98,69,88,60,84,64,35,64
Port Loko,Lokomasama,2024,July,1736,1616,1080,1062,98,107,3,6571,145000,593,548,404,400,7,66,2,2793,25400,18,16,15,20,17,15,82,76,95,63,88,48,83,71,30,63
Port Loko,Lokomasama,2024,August,2599,2396,1755,1673,93,177,4,10224,145000,1087,1052,815,784,18,90,2,3825,25400,12,17,14,21,22,19,81,80,96,77,91,60,84,64,40,64
Port Loko,Lokomasama,2024,September,1755,1530,944,919,67,110,4,6940,145000,734,670,441,439,19,64,2,2930,25400,12,17,14,22,22,18,86,75,96,74,91,51,86,73,40,62
Port Loko,Lokomasama,2024,October,2154,2050,1268,1261,107,148,6,8056,145000,758,696,513,497,16,94,3,3582,25400,15,16,14,15,17,17,81,75,98,70,90,59,92,77,29,56
Port Loko,Lokomasama,2024,November,1196,1138,657,635,38,57,1,4104,145000,478,444,321,317,11,36,0,1671,25400,10,17,13,22,22,16,87,82,98,69,89,49,85,78,28,66
Port Loko,Lokomasama,2024,December,1106,1029,757,719,47,66,3,3982,145000,476,449,353,342,4,41,2,1528,25400,11,17,13,20,17,20,84,80,98,76,91,42,90,66,38,66
